AUSTRIA,ENGLAND,FRANCE,GERMANY,ITALY,RUSSIA,TURKEY
RL,pushover,pushover,pushover,dipnet,random,random
name,state,orders,results,messages
S1901M,"{'timestamp': 1654111785749977, 'zobrist_hash': '1919110489198082658', 'note': '', 'name': 'S1901M', 'units': {'AUSTRIA': ['A BUD', 'A VIE', 'F TRI'], 'ENGLAND': ['F EDI', 'F LON', 'A LVP'], 'FRANCE': ['F BRE', 'A MAR', 'A PAR'], 'GERMANY': ['F KIE', 'A BER', 'A MUN'], 'ITALY': ['F NAP', 'A ROM', 'A VEN'], 'RUSSIA': ['A WAR', 'A MOS', 'F SEV', 'F STP/SC'], 'TURKEY': ['F ANK', 'A CON', 'A SMY']}, 'retreats': {'AUSTRIA': {}, 'ENGLAND': {}, 'FRANCE': {}, 'GERMANY': {}, 'ITALY': {}, 'RUSSIA': {}, 'TURKEY': {}}, 'centers': {'AUSTRIA': ['BUD', 'TRI', 'VIE'], 'ENGLAND': ['EDI', 'LON', 'LVP'], 'FRANCE': ['BRE', 'MAR', 'PAR'], 'GERMANY': ['BER', 'KIE', 'MUN'], 'ITALY': ['NAP', 'ROM', 'VEN'], 'RUSSIA': ['MOS', 'SEV', 'STP', 'WAR'], 'TURKEY': ['ANK', 'CON', 'SMY']}, 'homes': {'AUSTRIA': ['BUD', 'TRI', 'VIE'], 'ENGLAND': ['EDI', 'LON', 'LVP'], 'FRANCE': ['BRE', 'MAR', 'PAR'], 'GERMANY': ['BER', 'KIE', 'MUN'], 'ITALY': ['NAP', 'ROM', 'VEN'], 'RUSSIA': ['MOS', 'SEV', 'STP', 'WAR'], 'TURKEY': ['ANK', 'CON', 'SMY']}, 'influence': {'AUSTRIA': ['BUD', 'VIE', 'TRI'], 'ENGLAND': ['EDI', 'LON', 'LVP'], 'FRANCE': ['BRE', 'MAR', 'PAR'], 'GERMANY': ['KIE', 'BER', 'MUN'], 'ITALY': ['NAP', 'ROM', 'VEN'], 'RUSSIA': ['WAR', 'MOS', 'SEV', 'STP'], 'TURKEY': ['ANK', 'CON', 'SMY']}, 'civil_disorder': {'AUSTRIA': 0, 'ENGLAND': 0, 'FRANCE': 0, 'GERMANY': 0, 'ITALY': 0, 'RUSSIA': 0, 'TURKEY': 0}, 'builds': {'AUSTRIA': {'count': 0, 'homes': []}, 'ENGLAND': {'count': 0, 'homes': []}, 'FRANCE': {'count': 0, 'homes': []}, 'GERMANY': {'count': 0, 'homes': []}, 'ITALY': {'count': 0, 'homes': []}, 'RUSSIA': {'count': 0, 'homes': []}, 'TURKEY': {'count': 0, 'homes': []}}, 'game_id': '-4X5pmi2579WeRaH', 'map': 'standard', 'rules': ['POWER_CHOICE']}","{'AUSTRIA': ['A VIE - TRI', 'F TRI - ALB', 'A BUD - SER'], 'ENGLAND': ['F LON - ENG', 'A LVP - YOR'], 'FRANCE': [], 'GERMANY': ['A MUN - RUH'], 'ITALY': ['F NAP - ION', 'A ROM - VEN', 'A VEN - TRI'], 'RUSSIA': ['A MOS H', 'F SEV S A BUD - RUM', 'F STP/SC - LVN', 'A WAR S A MUN - SIL'], 'TURKEY': ['F ANK H', 'A CON - BUL', 'A SMY S A CON']}","{'A BUD': [], 'A VIE': ['bounce'], 'F TRI': [], 'F EDI': [], 'F LON': [], 'A LVP': [], 'F BRE': [], 'A MAR': [], 'A PAR': [], 'F KIE': [], 'A BER': [], 'A MUN': [], 'F NAP': [], 'A ROM': ['bounce'], 'A VEN': ['bounce'], 'A WAR': ['void'], 'A MOS': [], 'F SEV': ['void'], 'F STP/SC': [], 'F ANK': [], 'A CON': [], 'A SMY': ['void']}","[{'sender': 'AUSTRIA', 'recipient': 'ENGLAND', 'time_sent': 1654111783834491, 'phase': 'S1901M', 'message': 'ORR (XDO (F LON - ENG)) (XDO (A LVP - YOR))'}, {'sender': 'AUSTRIA', 'recipient': 'GERMANY', 'time_sent': 1654111784381798, 'phase': 'S1901M', 'message': 'XDO (A MUN - RUH)'}, {'sender': 'AUSTRIA', 'recipient': 'ITALY', 'time_sent': 1654111784654199, 'phase': 'S1901M', 'message': 'ORR (XDO (F NAP - ION)) (XDO (A VEN - TRI))'}, {'sender': 'AUSTRIA', 'recipient': 'RUSSIA', 'time_sent': 1654111784926645, 'phase': 'S1901M', 'message': 'ORR (XDO (A MOS - UKR)) (XDO (F SEV - BLA))'}, {'sender': 'AUSTRIA', 'recipient': 'TURKEY', 'time_sent': 1654111785200883, 'phase': 'S1901M', 'message': 'ORR (XDO (F ANK - BLA)) (XDO (A SMY - CON))'}, {'sender': 'ENGLAND', 'recipient': 'AUSTRIA', 'time_sent': 1654111785201204, 'phase': 'S1901M', 'message': 'YES (ORR (XDO (F LON - ENG)) (XDO (A LVP - YOR)))'}, {'sender': 'GERMANY', 'recipient': 'AUSTRIA', 'time_sent': 1654111785201398, 'phase': 'S1901M', 'message': 'YES (XDO (A MUN - RUH))'}]"
F1901M,"{'timestamp': 1654111788252446, 'zobrist_hash': '850040635131651898', 'note': '', 'name': 'F1901M', 'units': {'AUSTRIA': ['A VIE', 'A SER', 'F ALB'], 'ENGLAND': ['F EDI', 'F ENG', 'A YOR'], 'FRANCE': ['F BRE', 'A MAR', 'A PAR'], 'GERMANY': ['F KIE', 'A BER', 'A RUH'], 'ITALY': ['A ROM', 'A VEN', 'F ION'], 'RUSSIA': ['A WAR', 'A MOS', 'F SEV', 'F LVN'], 'TURKEY': ['F ANK', 'A SMY', 'A BUL']}, 'retreats': {'AUSTRIA': {}, 'ENGLAND': {}, 'FRANCE': {}, 'GERMANY': {}, 'ITALY': {}, 'RUSSIA': {}, 'TURKEY': {}}, 'centers': {'AUSTRIA': ['BUD', 'TRI', 'VIE'], 'ENGLAND': ['EDI', 'LON', 'LVP'], 'FRANCE': ['BRE', 'MAR', 'PAR'], 'GERMANY': ['BER', 'KIE', 'MUN'], 'ITALY': ['NAP', 'ROM', 'VEN'], 'RUSSIA': ['MOS', 'SEV', 'STP', 'WAR'], 'TURKEY': ['ANK', 'CON', 'SMY']}, 'homes': {'AUSTRIA': ['BUD', 'TRI', 'VIE'], 'ENGLAND': ['EDI', 'LON', 'LVP'], 'FRANCE': ['BRE', 'MAR', 'PAR'], 'GERMANY': ['BER', 'KIE', 'MUN'], 'ITALY': ['NAP', 'ROM', 'VEN'], 'RUSSIA': ['MOS', 'SEV', 'STP', 'WAR'], 'TURKEY': ['ANK', 'CON', 'SMY']}, 'influence': {'AUSTRIA': ['BUD', 'VIE', 'TRI', 'SER', 'ALB'], 'ENGLAND': ['EDI', 'LON', 'LVP', 'ENG', 'YOR'], 'FRANCE': ['BRE', 'MAR', 'PAR'], 'GERMANY': ['KIE', 'BER', 'MUN', 'RUH'], 'ITALY': ['NAP', 'ROM', 'VEN', 'ION'], 'RUSSIA': ['WAR', 'MOS', 'SEV', 'STP', 'LVN'], 'TURKEY': ['ANK', 'CON', 'SMY', 'BUL']}, 'civil_disorder': {'AUSTRIA': 0, 'ENGLAND': 0, 'FRANCE': 0, 'GERMANY': 0, 'ITALY': 0, 'RUSSIA': 0, 'TURKEY': 0}, 'builds': {'AUSTRIA': {'count': 0, 'homes': []}, 'ENGLAND': {'count': 0, 'homes': []}, 'FRANCE': {'count': 0, 'homes': []}, 'GERMANY': {'count': 0, 'homes': []}, 'ITALY': {'count': 0, 'homes': []}, 'RUSSIA': {'count': 0, 'homes': []}, 'TURKEY': {'count': 0, 'homes': []}}, 'game_id': '-4X5pmi2579WeRaH', 'map': 'standard', 'rules': ['POWER_CHOICE']}","{'AUSTRIA': ['A VIE - TRI', 'F ALB - GRE', 'A SER S F ALB - GRE'], 'ENGLAND': ['A YOR - LON', 'F ENG - BEL'], 'FRANCE': ['F BRE H'], 'GERMANY': ['F KIE - DEN', 'A BER - KIE'], 'ITALY': ['A ROM - VEN', 'A VEN - TYR', 'F ION - TUN'], 'RUSSIA': ['F LVN S A WAR - PRU', 'A MOS - STP', 'F SEV - BLA', 'A WAR H'], 'TURKEY': ['F ANK H', 'A BUL S F ANK - CON', 'A SMY S F ANK']}","{'A VIE': [], 'A SER': [], 'F ALB': [], 'F EDI': [], 'F ENG': [], 'A YOR': [], 'F BRE': [], 'A MAR': [], 'A PAR': [], 'F KIE': [], 'A BER': [], 'A RUH': [], 'A ROM': [], 'A VEN': [], 'F ION': [], 'A WAR': [], 'A MOS': [], 'F SEV': [], 'F LVN': ['void'], 'F ANK': [], 'A SMY': [], 'A BUL': ['void']}","[{'sender': 'AUSTRIA', 'recipient': 'ENGLAND', 'time_sent': 1654111786339274, 'phase': 'F1901M', 'message': 'ORR (XDO (A YOR - LON)) (XDO (F ENG - BEL))'}, {'sender': 'AUSTRIA', 'recipient': 'FRANCE', 'time_sent': 1654111786612968, 'phase': 'F1901M', 'message': 'XDO (F BRE H)'}, {'sender': 'AUSTRIA', 'recipient': 'GERMANY', 'time_sent': 1654111786885434, 'phase': 'F1901M', 'message': 'ORR (XDO (F KIE - DEN)) (XDO (A BER - KIE))'}, {'sender': 'AUSTRIA', 'recipient': 'RUSSIA', 'time_sent': 1654111787431351, 'phase': 'F1901M', 'message': 'ORR (XDO (F LVN - BAL)) (XDO (A MOS - UKR)) (XDO (A WAR H))'}, {'sender': 'AUSTRIA', 'recipient': 'TURKEY', 'time_sent': 1654111787704022, 'phase': 'F1901M', 'message': 'XDO (A SMY - CON)'}, {'sender': 'ENGLAND', 'recipient': 'AUSTRIA', 'time_sent': 1654111787704285, 'phase': 'F1901M', 'message': 'YES (ORR (XDO (A YOR - LON)) (XDO (F ENG - BEL)))'}, {'sender': 'FRANCE', 'recipient': 'AUSTRIA', 'time_sent': 1654111787704490, 'phase': 'F1901M', 'message': 'YES (XDO (F BRE H))'}, {'sender': 'GERMANY', 'recipient': 'AUSTRIA', 'time_sent': 1654111787704707, 'phase': 'F1901M', 'message': 'YES (ORR (XDO (F KIE - DEN)) (XDO (A BER - KIE)))'}]"
W1901A,"{'timestamp': 1654111789087456, 'zobrist_hash': '4886063984532192940', 'note': '', 'name': 'W1901A', 'units': {'AUSTRIA': ['A SER', 'A TRI', 'F GRE'], 'ENGLAND': ['F EDI', 'F BEL', 'A LON'], 'FRANCE': ['F BRE', 'A MAR', 'A PAR'], 'GERMANY': ['A RUH', 'F DEN', 'A KIE'], 'ITALY': ['A VEN', 'A TYR', 'F TUN'], 'RUSSIA': ['A WAR', 'F LVN', 'A STP', 'F BLA'], 'TURKEY': ['F ANK', 'A SMY', 'A BUL']}, 'retreats': {'AUSTRIA': {}, 'ENGLAND': {}, 'FRANCE': {}, 'GERMANY': {}, 'ITALY': {}, 'RUSSIA': {}, 'TURKEY': {}}, 'centers': {'AUSTRIA': ['BUD', 'TRI', 'VIE', 'GRE', 'SER'], 'ENGLAND': ['EDI', 'LON', 'LVP', 'BEL'], 'FRANCE': ['BRE', 'MAR', 'PAR'], 'GERMANY': ['BER', 'KIE', 'MUN', 'DEN'], 'ITALY': ['NAP', 'ROM', 'VEN', 'TUN'], 'RUSSIA': ['MOS', 'SEV', 'STP', 'WAR'], 'TURKEY': ['ANK', 'CON', 'SMY', 'BUL']}, 'homes': {'AUSTRIA': ['BUD', 'TRI', 'VIE'], 'ENGLAND': ['EDI', 'LON', 'LVP'], 'FRANCE': ['BRE', 'MAR', 'PAR'], 'GERMANY': ['BER', 'KIE', 'MUN'], 'ITALY': ['NAP', 'ROM', 'VEN'], 'RUSSIA': ['MOS', 'SEV', 'STP', 'WAR'], 'TURKEY': ['ANK', 'CON', 'SMY']}, 'influence': {'AUSTRIA': ['BUD', 'VIE', 'SER', 'ALB', 'TRI', 'GRE'], 'ENGLAND': ['EDI', 'LVP', 'ENG', 'YOR', 'BEL', 'LON'], 'FRANCE': ['BRE', 'MAR', 'PAR'], 'GERMANY': ['BER', 'MUN', 'RUH', 'DEN', 'KIE'], 'ITALY': ['NAP', 'ROM', 'ION', 'VEN', 'TYR', 'TUN'], 'RUSSIA': ['WAR', 'MOS', 'SEV', 'LVN', 'STP', 'BLA'], 'TURKEY': ['ANK', 'CON', 'SMY', 'BUL']}, 'civil_disorder': {'AUSTRIA': 0, 'ENGLAND': 0, 'FRANCE': 0, 'GERMANY': 0, 'ITALY': 0, 'RUSSIA': 0, 'TURKEY': 0}, 'builds': {'AUSTRIA': {'count': 2, 'homes': ['BUD', 'VIE']}, 'ENGLAND': {'count': 1, 'homes': ['LVP']}, 'FRANCE': {'count': 0, 'homes': []}, 'GERMANY': {'count': 1, 'homes': ['BER', 'MUN']}, 'ITALY': {'count': 1, 'homes': ['NAP', 'ROM']}, 'RUSSIA': {'count': 0, 'homes': []}, 'TURKEY': {'count': 1, 'homes': ['CON']}}, 'game_id': '-4X5pmi2579WeRaH', 'map': 'standard', 'rules': ['POWER_CHOICE']}","{'AUSTRIA': ['A VIE B', 'A BUD B'], 'ENGLAND': [], 'FRANCE': [], 'GERMANY': [], 'ITALY': ['F NAP B'], 'RUSSIA': [], 'TURKEY': ['A CON B']}","{'A VIE': [''], 'A BUD': [''], 'A YOR': ['void'], 'F ENG': ['void'], 'F BRE': ['void'], 'F KIE': ['void'], 'A BER': ['void'], 'F NAP': [''], 'A ROM': ['void'], 'A VEN': ['void'], 'F ION': ['void'], 'A CON': ['']}",[]
S1902M,"{'timestamp': 1654111791592730, 'zobrist_hash': '2835805620529785305', 'note': '', 'name': 'S1902M', 'units': {'AUSTRIA': ['A SER', 'A TRI', 'F GRE', 'A VIE', 'A BUD'], 'ENGLAND': ['F EDI', 'F BEL', 'A LON'], 'FRANCE': ['F BRE', 'A MAR', 'A PAR'], 'GERMANY': ['A RUH', 'F DEN', 'A KIE'], 'ITALY': ['A VEN', 'A TYR', 'F TUN', 'F NAP'], 'RUSSIA': ['A WAR', 'F LVN', 'A STP', 'F BLA'], 'TURKEY': ['F ANK', 'A SMY', 'A BUL', 'A CON']}, 'retreats': {'AUSTRIA': {}, 'ENGLAND': {}, 'FRANCE': {}, 'GERMANY': {}, 'ITALY': {}, 'RUSSIA': {}, 'TURKEY': {}}, 'centers': {'AUSTRIA': ['BUD', 'TRI', 'VIE', 'GRE', 'SER'], 'ENGLAND': ['EDI', 'LON', 'LVP', 'BEL'], 'FRANCE': ['BRE', 'MAR', 'PAR'], 'GERMANY': ['BER', 'KIE', 'MUN', 'DEN'], 'ITALY': ['NAP', 'ROM', 'VEN', 'TUN'], 'RUSSIA': ['MOS', 'SEV', 'STP', 'WAR'], 'TURKEY': ['ANK', 'CON', 'SMY', 'BUL']}, 'homes': {'AUSTRIA': ['BUD', 'TRI', 'VIE'], 'ENGLAND': ['EDI', 'LON', 'LVP'], 'FRANCE': ['BRE', 'MAR', 'PAR'], 'GERMANY': ['BER', 'KIE', 'MUN'], 'ITALY': ['NAP', 'ROM', 'VEN'], 'RUSSIA': ['MOS', 'SEV', 'STP', 'WAR'], 'TURKEY': ['ANK', 'CON', 'SMY']}, 'influence': {'AUSTRIA': ['BUD', 'VIE', 'SER', 'ALB', 'TRI', 'GRE'], 'ENGLAND': ['EDI', 'LVP', 'ENG', 'YOR', 'BEL', 'LON'], 'FRANCE': ['BRE', 'MAR', 'PAR'], 'GERMANY': ['BER', 'MUN', 'RUH', 'DEN', 'KIE'], 'ITALY': ['NAP', 'ROM', 'ION', 'VEN', 'TYR', 'TUN'], 'RUSSIA': ['WAR', 'MOS', 'SEV', 'LVN', 'STP', 'BLA'], 'TURKEY': ['ANK', 'CON', 'SMY', 'BUL']}, 'civil_disorder': {'AUSTRIA': 0, 'ENGLAND': 0, 'FRANCE': 0, 'GERMANY': 0, 'ITALY': 0, 'RUSSIA': 0, 'TURKEY': 0}, 'builds': {'AUSTRIA': {'count': 0, 'homes': []}, 'ENGLAND': {'count': 0, 'homes': []}, 'FRANCE': {'count': 0, 'homes': []}, 'GERMANY': {'count': 0, 'homes': []}, 'ITALY': {'count': 0, 'homes': []}, 'RUSSIA': {'count': 0, 'homes': []}, 'TURKEY': {'count': 0, 'homes': []}}, 'game_id': '-4X5pmi2579WeRaH', 'map': 'standard', 'rules': ['POWER_CHOICE']}","{'AUSTRIA': ['A VIE - TYR', 'A TRI S A VIE - TYR', 'F GRE S A SER - BUL', 'A BUD - RUM', 'A SER - BUL'], 'ENGLAND': ['F EDI - NTH', 'F BEL - ENG'], 'FRANCE': [], 'GERMANY': ['A RUH S A KIE - HOL', 'A KIE - HOL'], 'ITALY': ['F NAP - ION', 'A VEN - TRI', 'F TUN S F NAP - ION', 'A TYR S A VEN - TRI'], 'RUSSIA': ['F BLA C A BUL - RUM', 'F LVN S F DEN - BAL', 'A STP - NWY', 'A WAR - SIL'], 'TURKEY': ['F ANK S F BLA - CON', 'A BUL S A CON', 'A CON - ANK VIA', 'A SMY - SYR']}","{'A SER': [], 'A TRI': ['cut'], 'F GRE': [], 'A VIE': ['bounce'], 'A BUD': [], 'F EDI': [], 'F BEL': [], 'A LON': [], 'F BRE': [], 'A MAR': [], 'A PAR': [], 'A RUH': [], 'F DEN': [], 'A KIE': [], 'A VEN': ['bounce'], 'A TYR': ['cut'], 'F TUN': [], 'F NAP': [], 'A WAR': [], 'F LVN': ['void'], 'A STP': [], 'F BLA': ['void'], 'F ANK': ['void'], 'A SMY': [], 'A BUL': ['void', 'dislodged'], 'A CON': ['bounce']}","[{'sender': 'AUSTRIA', 'recipient': 'ENGLAND', 'time_sent': 1654111789669852, 'phase': 'S1902M', 'message': 'ORR (XDO (F EDI - NTH)) (XDO (F BEL - ENG))'}, {'sender': 'AUSTRIA', 'recipient': 'GERMANY', 'time_sent': 1654111790216482, 'phase': 'S1902M', 'message': 'ORR (XDO (A RUH S A KIE - HOL)) (XDO (A KIE - HOL))'}, {'sender': 'AUSTRIA', 'recipient': 'ITALY', 'time_sent': 1654111790490048, 'phase': 'S1902M', 'message': 'XDO (F NAP - ION)'}, {'sender': 'AUSTRIA', 'recipient': 'RUSSIA', 'time_sent': 1654111790765034, 'phase': 'S1902M', 'message': 'ORR (XDO (A STP - NWY)) (XDO (F LVN - BAL)) (XDO (F BLA - RUM))'}, {'sender': 'AUSTRIA', 'recipient': 'TURKEY', 'time_sent': 1654111791039003, 'phase': 'S1902M', 'message': 'ORR (XDO (A SMY - ARM)) (XDO (A BUL - RUM)) (XDO (A CON - BUL))'}, {'sender': 'ENGLAND', 'recipient': 'AUSTRIA', 'time_sent': 1654111791039277, 'phase': 'S1902M', 'message': 'YES (ORR (XDO (F EDI - NTH)) (XDO (F BEL - ENG)))'}, {'sender': 'GERMANY', 'recipient': 'AUSTRIA', 'time_sent': 1654111791039509, 'phase': 'S1902M', 'message': 'YES (ORR (XDO (A RUH S A KIE - HOL)) (XDO (A KIE - HOL)))'}]"
F1902M,"{'timestamp': 1654111794154229, 'zobrist_hash': '6246988046513252918', 'note': '', 'name': 'F1902M', 'units': {'AUSTRIA': ['A TRI', 'F GRE', 'A VIE', 'A BUL', 'A RUM'], 'ENGLAND': ['A LON', 'F NTH', 'F ENG'], 'FRANCE': ['F BRE', 'A MAR', 'A PAR'], 'GERMANY': ['A RUH', 'F DEN', 'A HOL'], 'ITALY': ['A VEN', 'A TYR', 'F TUN', 'F ION'], 'RUSSIA': ['F LVN', 'F BLA', 'A SIL', 'A NWY'], 'TURKEY': ['F ANK', 'A CON', 'A SYR']}, 'retreats': {'AUSTRIA': {}, 'ENGLAND': {}, 'FRANCE': {}, 'GERMANY': {}, 'ITALY': {}, 'RUSSIA': {}, 'TURKEY': {}}, 'centers': {'AUSTRIA': ['BUD', 'TRI', 'VIE', 'GRE', 'SER'], 'ENGLAND': ['EDI', 'LON', 'LVP', 'BEL'], 'FRANCE': ['BRE', 'MAR', 'PAR'], 'GERMANY': ['BER', 'KIE', 'MUN', 'DEN'], 'ITALY': ['NAP', 'ROM', 'VEN', 'TUN'], 'RUSSIA': ['MOS', 'SEV', 'STP', 'WAR'], 'TURKEY': ['ANK', 'CON', 'SMY', 'BUL']}, 'homes': {'AUSTRIA': ['BUD', 'TRI', 'VIE'], 'ENGLAND': ['EDI', 'LON', 'LVP'], 'FRANCE': ['BRE', 'MAR', 'PAR'], 'GERMANY': ['BER', 'KIE', 'MUN'], 'ITALY': ['NAP', 'ROM', 'VEN'], 'RUSSIA': ['MOS', 'SEV', 'STP', 'WAR'], 'TURKEY': ['ANK', 'CON', 'SMY']}, 'influence': {'AUSTRIA': ['BUD', 'VIE', 'SER', 'ALB', 'TRI', 'GRE', 'BUL', 'RUM'], 'ENGLAND': ['EDI', 'LVP', 'YOR', 'BEL', 'LON', 'NTH', 'ENG'], 'FRANCE': ['BRE', 'MAR', 'PAR'], 'GERMANY': ['BER', 'MUN', 'RUH', 'DEN', 'KIE', 'HOL'], 'ITALY': ['NAP', 'ROM', 'VEN', 'TYR', 'TUN', 'ION'], 'RUSSIA': ['WAR', 'MOS', 'SEV', 'LVN', 'STP', 'BLA', 'SIL', 'NWY'], 'TURKEY': ['ANK', 'CON', 'SMY', 'SYR']}, 'civil_disorder': {'AUSTRIA': 0, 'ENGLAND': 0, 'FRANCE': 0, 'GERMANY': 0, 'ITALY': 0, 'RUSSIA': 0, 'TURKEY': 0}, 'builds': {'AUSTRIA': {'count': 0, 'homes': []}, 'ENGLAND': {'count': 0, 'homes': []}, 'FRANCE': {'count': 0, 'homes': []}, 'GERMANY': {'count': 0, 'homes': []}, 'ITALY': {'count': 0, 'homes': []}, 'RUSSIA': {'count': 0, 'homes': []}, 'TURKEY': {'count': 0, 'homes': []}}, 'game_id': '-4X5pmi2579WeRaH', 'map': 'standard', 'rules': ['POWER_CHOICE']}","{'AUSTRIA': ['A VIE - TYR', 'A TRI S A VIE - TYR', 'A RUM S A BUL', 'F GRE - ION', 'A BUL S A RUM'], 'ENGLAND': ['A LON - BEL VIA', 'F ENG C A LON - BEL'], 'FRANCE': ['A PAR - BRE'], 'GERMANY': ['F DEN - SWE', 'A RUH - BEL'], 'ITALY': ['A VEN - TRI', 'F ION - EAS', 'F TUN - ION', 'A TYR S A VEN - TRI'], 'RUSSIA': ['F BLA S A BUL', 'F LVN S A NWY - STP', 'A NWY - WAL VIA', 'A SIL S F LVN - PRU'], 'TURKEY': ['F ANK S A RUM - CON', 'A CON - ANK', 'A SYR S F BLA - ARM']}","{'A TRI': ['cut'], 'F GRE': ['bounce'], 'A VIE': ['bounce'], 'A BUL': [], 'A RUM': [], 'A LON': ['bounce'], 'F NTH': [], 'F ENG': [], 'F BRE': [], 'A MAR': [], 'A PAR': ['bounce'], 'A RUH': ['bounce'], 'F DEN': [], 'A HOL': [], 'A VEN': ['bounce'], 'A TYR': ['cut'], 'F TUN': ['bounce'], 'F ION': [], 'F LVN': ['void'], 'F BLA': [], 'A SIL': ['void'], 'A NWY': ['no convoy'], 'F ANK': ['void'], 'A CON': ['bounce'], 'A SYR': ['void']}","[{'sender': 'AUSTRIA', 'recipient': 'ENGLAND', 'time_sent': 1654111792189642, 'phase': 'F1902M', 'message': 'ORR (XDO (A LON - BEL VIA)) (XDO (F ENG C A LON - BEL))'}, {'sender': 'AUSTRIA', 'recipient': 'FRANCE', 'time_sent': 1654111792467878, 'phase': 'F1902M', 'message': 'XDO (A PAR - BRE)'}, {'sender': 'AUSTRIA', 'recipient': 'GERMANY', 'time_sent': 1654111792750036, 'phase': 'F1902M', 'message': 'ORR (XDO (F DEN - SWE)) (XDO (A RUH - BEL))'}, {'sender': 'AUSTRIA', 'recipient': 'ITALY', 'time_sent': 1654111793032265, 'phase': 'F1902M', 'message': 'ORR (XDO (F TUN - ION)) (XDO (A VEN - TRI))'}, {'sender': 'AUSTRIA', 'recipient': 'RUSSIA', 'time_sent': 1654111793311857, 'phase': 'F1902M', 'message': 'ORR (XDO (A NWY - SWE)) (XDO (F LVN - BAL)) (XDO (A SIL - MUN))'}, {'sender': 'AUSTRIA', 'recipient': 'TURKEY', 'time_sent': 1654111793589350, 'phase': 'F1902M', 'message': 'XDO (A CON - BUL)'}, {'sender': 'ENGLAND', 'recipient': 'AUSTRIA', 'time_sent': 1654111793589824, 'phase': 'F1902M', 'message': 'YES (ORR (XDO (A LON - BEL VIA)) (XDO (F ENG C A LON - BEL)))'}, {'sender': 'FRANCE', 'recipient': 'AUSTRIA', 'time_sent': 1654111793590109, 'phase': 'F1902M', 'message': 'YES (XDO (A PAR - BRE))'}, {'sender': 'GERMANY', 'recipient': 'AUSTRIA', 'time_sent': 1654111793590310, 'phase': 'F1902M', 'message': 'YES (ORR (XDO (F DEN - SWE)) (XDO (A RUH - BEL)))'}]"
W1902A,"{'timestamp': 1654111794736615, 'zobrist_hash': '1771021151873547011', 'note': '', 'name': 'W1902A', 'units': {'AUSTRIA': ['A TRI', 'F GRE', 'A VIE', 'A BUL', 'A RUM'], 'ENGLAND': ['A LON', 'F NTH', 'F ENG'], 'FRANCE': ['F BRE', 'A MAR', 'A PAR'], 'GERMANY': ['A RUH', 'A HOL', 'F SWE'], 'ITALY': ['A VEN', 'A TYR', 'F TUN', 'F EAS'], 'RUSSIA': ['F LVN', 'F BLA', 'A SIL', 'A NWY'], 'TURKEY': ['F ANK', 'A CON', 'A SYR']}, 'retreats': {'AUSTRIA': {}, 'ENGLAND': {}, 'FRANCE': {}, 'GERMANY': {}, 'ITALY': {}, 'RUSSIA': {}, 'TURKEY': {}}, 'centers': {'AUSTRIA': ['BUD', 'TRI', 'VIE', 'GRE', 'SER', 'BUL', 'RUM'], 'ENGLAND': ['EDI', 'LON', 'LVP', 'BEL'], 'FRANCE': ['BRE', 'MAR', 'PAR'], 'GERMANY': ['BER', 'KIE', 'MUN', 'DEN', 'HOL', 'SWE'], 'ITALY': ['NAP', 'ROM', 'VEN', 'TUN'], 'RUSSIA': ['MOS', 'SEV', 'STP', 'WAR', 'NWY'], 'TURKEY': ['ANK', 'CON', 'SMY']}, 'homes': {'AUSTRIA': ['BUD', 'TRI', 'VIE'], 'ENGLAND': ['EDI', 'LON', 'LVP'], 'FRANCE': ['BRE', 'MAR', 'PAR'], 'GERMANY': ['BER', 'KIE', 'MUN'], 'ITALY': ['NAP', 'ROM', 'VEN'], 'RUSSIA': ['MOS', 'SEV', 'STP', 'WAR'], 'TURKEY': ['ANK', 'CON', 'SMY']}, 'influence': {'AUSTRIA': ['BUD', 'VIE', 'SER', 'ALB', 'TRI', 'GRE', 'BUL', 'RUM'], 'ENGLAND': ['EDI', 'LVP', 'YOR', 'BEL', 'LON', 'NTH', 'ENG'], 'FRANCE': ['BRE', 'MAR', 'PAR'], 'GERMANY': ['BER', 'MUN', 'RUH', 'DEN', 'KIE', 'HOL', 'SWE'], 'ITALY': ['NAP', 'ROM', 'VEN', 'TYR', 'TUN', 'ION', 'EAS'], 'RUSSIA': ['WAR', 'MOS', 'SEV', 'LVN', 'STP', 'BLA', 'SIL', 'NWY'], 'TURKEY': ['ANK', 'CON', 'SMY', 'SYR']}, 'civil_disorder': {'AUSTRIA': 0, 'ENGLAND': 0, 'FRANCE': 0, 'GERMANY': 0, 'ITALY': 0, 'RUSSIA': 0, 'TURKEY': 0}, 'builds': {'AUSTRIA': {'count': 1, 'homes': ['BUD']}, 'ENGLAND': {'count': 1, 'homes': ['EDI', 'LVP']}, 'FRANCE': {'count': 0, 'homes': []}, 'GERMANY': {'count': 3, 'homes': ['BER', 'KIE', 'MUN']}, 'ITALY': {'count': 0, 'homes': []}, 'RUSSIA': {'count': 1, 'homes': ['MOS', 'SEV', 'STP', 'WAR']}, 'TURKEY': {'count': 0, 'homes': []}}, 'game_id': '-4X5pmi2579WeRaH', 'map': 'standard', 'rules': ['POWER_CHOICE']}","{'AUSTRIA': ['A BUD B'], 'ENGLAND': [], 'FRANCE': [], 'GERMANY': [], 'ITALY': [], 'RUSSIA': ['A MOS B', 'F STP/NC B'], 'TURKEY': []}","{'A BUD': [''], 'A LON': ['void'], 'F ENG': ['void'], 'A PAR': ['void'], 'F DEN': ['void'], 'A RUH': ['void'], 'WAIVE': ['void'], 'F NAP': ['void'], 'A ROM': ['void'], 'A VEN': ['void'], 'F ION': ['void'], 'F TUN': ['void'], 'A TYR': ['void'], 'A MOS': [''], 'F STP/NC': ['void']}",[]
S1903M,"{'timestamp': 1654111797287879, 'zobrist_hash': '3364193108853592638', 'note': '', 'name': 'S1903M', 'units': {'AUSTRIA': ['A TRI', 'F GRE', 'A VIE', 'A BUL', 'A RUM', 'A BUD'], 'ENGLAND': ['A LON', 'F NTH', 'F ENG'], 'FRANCE': ['F BRE', 'A MAR', 'A PAR'], 'GERMANY': ['A RUH', 'A HOL', 'F SWE'], 'ITALY': ['A VEN', 'A TYR', 'F TUN', 'F EAS'], 'RUSSIA': ['F LVN', 'F BLA', 'A SIL', 'A NWY', 'A MOS'], 'TURKEY': ['F ANK', 'A CON', 'A SYR']}, 'retreats': {'AUSTRIA': {}, 'ENGLAND': {}, 'FRANCE': {}, 'GERMANY': {}, 'ITALY': {}, 'RUSSIA': {}, 'TURKEY': {}}, 'centers': {'AUSTRIA': ['BUD', 'TRI', 'VIE', 'GRE', 'SER', 'BUL', 'RUM'], 'ENGLAND': ['EDI', 'LON', 'LVP', 'BEL'], 'FRANCE': ['BRE', 'MAR', 'PAR'], 'GERMANY': ['BER', 'KIE', 'MUN', 'DEN', 'HOL', 'SWE'], 'ITALY': ['NAP', 'ROM', 'VEN', 'TUN'], 'RUSSIA': ['MOS', 'SEV', 'STP', 'WAR', 'NWY'], 'TURKEY': ['ANK', 'CON', 'SMY']}, 'homes': {'AUSTRIA': ['BUD', 'TRI', 'VIE'], 'ENGLAND': ['EDI', 'LON', 'LVP'], 'FRANCE': ['BRE', 'MAR', 'PAR'], 'GERMANY': ['BER', 'KIE', 'MUN'], 'ITALY': ['NAP', 'ROM', 'VEN'], 'RUSSIA': ['MOS', 'SEV', 'STP', 'WAR'], 'TURKEY': ['ANK', 'CON', 'SMY']}, 'influence': {'AUSTRIA': ['BUD', 'VIE', 'SER', 'ALB', 'TRI', 'GRE', 'BUL', 'RUM'], 'ENGLAND': ['EDI', 'LVP', 'YOR', 'BEL', 'LON', 'NTH', 'ENG'], 'FRANCE': ['BRE', 'MAR', 'PAR'], 'GERMANY': ['BER', 'MUN', 'RUH', 'DEN', 'KIE', 'HOL', 'SWE'], 'ITALY': ['NAP', 'ROM', 'VEN', 'TYR', 'TUN', 'ION', 'EAS'], 'RUSSIA': ['WAR', 'MOS', 'SEV', 'LVN', 'STP', 'BLA', 'SIL', 'NWY'], 'TURKEY': ['ANK', 'CON', 'SMY', 'SYR']}, 'civil_disorder': {'AUSTRIA': 0, 'ENGLAND': 0, 'FRANCE': 0, 'GERMANY': 0, 'ITALY': 0, 'RUSSIA': 0, 'TURKEY': 0}, 'builds': {'AUSTRIA': {'count': 0, 'homes': []}, 'ENGLAND': {'count': 0, 'homes': []}, 'FRANCE': {'count': 0, 'homes': []}, 'GERMANY': {'count': 0, 'homes': []}, 'ITALY': {'count': 0, 'homes': []}, 'RUSSIA': {'count': 0, 'homes': []}, 'TURKEY': {'count': 0, 'homes': []}}, 'game_id': '-4X5pmi2579WeRaH', 'map': 'standard', 'rules': ['POWER_CHOICE']}","{'AUSTRIA': ['A VIE - TYR', 'A TRI S A VIE - TYR', 'A RUM - UKR', 'F GRE - ION', 'A BUD - GAL', 'A BUL - CON'], 'ENGLAND': ['F NTH - DEN', 'F ENG C A LON - PIC'], 'FRANCE': ['A MAR - SPA'], 'GERMANY': ['A RUH - MUN'], 'ITALY': ['A VEN - TRI', 'F TUN - ION', 'A TYR S A VEN - TRI', 'F EAS - SMY'], 'RUSSIA': ['F BLA S F ANK - ARM', 'F LVN - PRU', 'A MOS - UKR', 'A NWY - YOR VIA', 'A SIL - PRU'], 'TURKEY': ['F ANK H', 'A CON S A BUL', 'A SYR - SMY']}","{'A TRI': ['cut'], 'F GRE': ['bounce'], 'A VIE': ['bounce'], 'A BUL': ['bounce'], 'A RUM': ['bounce'], 'A BUD': [], 'A LON': [], 'F NTH': [], 'F ENG': ['void'], 'F BRE': [], 'A MAR': [], 'A PAR': [], 'A RUH': [], 'A HOL': [], 'F SWE': [], 'A VEN': ['bounce'], 'A TYR': ['cut'], 'F TUN': ['bounce'], 'F EAS': ['bounce'], 'F LVN': ['bounce'], 'F BLA': ['void'], 'A SIL': ['bounce'], 'A NWY': ['no convoy'], 'A MOS': ['bounce'], 'F ANK': [], 'A CON': ['void'], 'A SYR': ['bounce']}","[{'sender': 'AUSTRIA', 'recipient': 'ENGLAND', 'time_sent': 1654111795332719, 'phase': 'S1903M', 'message': 'ORR (XDO (F NTH - DEN)) (XDO (F ENG C A LON - PIC))'}, {'sender': 'AUSTRIA', 'recipient': 'FRANCE', 'time_sent': 1654111795611433, 'phase': 'S1903M', 'message': 'XDO (A MAR - SPA)'}, {'sender': 'AUSTRIA', 'recipient': 'GERMANY', 'time_sent': 1654111795887734, 'phase': 'S1903M', 'message': 'XDO (A RUH - MUN)'}, {'sender': 'AUSTRIA', 'recipient': 'ITALY', 'time_sent': 1654111796165188, 'phase': 'S1903M', 'message': 'ORR (XDO (A VEN - TRI)) (XDO (F EAS - SMY))'}, {'sender': 'AUSTRIA', 'recipient': 'RUSSIA', 'time_sent': 1654111796445128, 'phase': 'S1903M', 'message': 'XDO (F BLA S A BUL - CON)'}, {'sender': 'AUSTRIA', 'recipient': 'TURKEY', 'time_sent': 1654111796721853, 'phase': 'S1903M', 'message': 'ORR (XDO (F ANK - CON)) (XDO (A CON - SMY))'}, {'sender': 'ENGLAND', 'recipient': 'AUSTRIA', 'time_sent': 1654111796722131, 'phase': 'S1903M', 'message': 'YES (ORR (XDO (F NTH - DEN)) (XDO (F ENG C A LON - PIC)))'}, {'sender': 'FRANCE', 'recipient': 'AUSTRIA', 'time_sent': 1654111796722409, 'phase': 'S1903M', 'message': 'YES (XDO (A MAR - SPA))'}, {'sender': 'GERMANY', 'recipient': 'AUSTRIA', 'time_sent': 1654111796722665, 'phase': 'S1903M', 'message': 'YES (XDO (A RUH - MUN))'}]"
F1903M,"{'timestamp': 1654111799859266, 'zobrist_hash': '1438622623300911678', 'note': '', 'name': 'F1903M', 'units': {'AUSTRIA': ['A TRI', 'F GRE', 'A VIE', 'A BUL', 'A RUM', 'A GAL'], 'ENGLAND': ['A LON', 'F ENG', 'F DEN'], 'FRANCE': ['F BRE', 'A PAR', 'A SPA'], 'GERMANY': ['A HOL', 'F SWE', 'A MUN'], 'ITALY': ['A VEN', 'A TYR', 'F TUN', 'F EAS'], 'RUSSIA': ['F LVN', 'F BLA', 'A SIL', 'A NWY', 'A MOS'], 'TURKEY': ['F ANK', 'A CON', 'A SYR']}, 'retreats': {'AUSTRIA': {}, 'ENGLAND': {}, 'FRANCE': {}, 'GERMANY': {}, 'ITALY': {}, 'RUSSIA': {}, 'TURKEY': {}}, 'centers': {'AUSTRIA': ['BUD', 'TRI', 'VIE', 'GRE', 'SER', 'BUL', 'RUM'], 'ENGLAND': ['EDI', 'LON', 'LVP', 'BEL'], 'FRANCE': ['BRE', 'MAR', 'PAR'], 'GERMANY': ['BER', 'KIE', 'MUN', 'DEN', 'HOL', 'SWE'], 'ITALY': ['NAP', 'ROM', 'VEN', 'TUN'], 'RUSSIA': ['MOS', 'SEV', 'STP', 'WAR', 'NWY'], 'TURKEY': ['ANK', 'CON', 'SMY']}, 'homes': {'AUSTRIA': ['BUD', 'TRI', 'VIE'], 'ENGLAND': ['EDI', 'LON', 'LVP'], 'FRANCE': ['BRE', 'MAR', 'PAR'], 'GERMANY': ['BER', 'KIE', 'MUN'], 'ITALY': ['NAP', 'ROM', 'VEN'], 'RUSSIA': ['MOS', 'SEV', 'STP', 'WAR'], 'TURKEY': ['ANK', 'CON', 'SMY']}, 'influence': {'AUSTRIA': ['BUD', 'VIE', 'SER', 'ALB', 'TRI', 'GRE', 'BUL', 'RUM', 'GAL'], 'ENGLAND': ['EDI', 'LVP', 'YOR', 'BEL', 'LON', 'NTH', 'ENG', 'DEN'], 'FRANCE': ['BRE', 'MAR', 'PAR', 'SPA'], 'GERMANY': ['BER', 'RUH', 'KIE', 'HOL', 'SWE', 'MUN'], 'ITALY': ['NAP', 'ROM', 'VEN', 'TYR', 'TUN', 'ION', 'EAS'], 'RUSSIA': ['WAR', 'MOS', 'SEV', 'LVN', 'STP', 'BLA', 'SIL', 'NWY'], 'TURKEY': ['ANK', 'CON', 'SMY', 'SYR']}, 'civil_disorder': {'AUSTRIA': 0, 'ENGLAND': 0, 'FRANCE': 0, 'GERMANY': 0, 'ITALY': 0, 'RUSSIA': 0, 'TURKEY': 0}, 'builds': {'AUSTRIA': {'count': 0, 'homes': []}, 'ENGLAND': {'count': 0, 'homes': []}, 'FRANCE': {'count': 0, 'homes': []}, 'GERMANY': {'count': 0, 'homes': []}, 'ITALY': {'count': 0, 'homes': []}, 'RUSSIA': {'count': 0, 'homes': []}, 'TURKEY': {'count': 0, 'homes': []}}, 'game_id': '-4X5pmi2579WeRaH', 'map': 'standard', 'rules': ['POWER_CHOICE']}","{'AUSTRIA': ['A GAL - WAR', 'A VIE S A TRI', 'A TRI S A VIE', 'A RUM - SEV', 'F GRE - ION', 'A BUL - CON'], 'ENGLAND': ['F ENG C A LON - BEL'], 'FRANCE': [], 'GERMANY': ['A HOL - KIE'], 'ITALY': ['A VEN - TRI', 'F TUN - ION', 'A TYR S A VEN - TRI', 'F EAS - SMY'], 'RUSSIA': ['F BLA S F ANK - CON', 'F LVN H', 'A MOS - WAR', 'A NWY S F DEN - SWE', 'A SIL - MUN'], 'TURKEY': ['F ANK H', 'A CON S A SYR - SMY', 'A SYR S F EAS - SMY']}","{'A TRI': ['cut'], 'F GRE': ['bounce'], 'A VIE': [], 'A BUL': ['bounce'], 'A RUM': [], 'A GAL': ['bounce'], 'A LON': [], 'F ENG': ['void'], 'F DEN': [], 'F BRE': [], 'A PAR': [], 'A SPA': [], 'A HOL': [], 'F SWE': [], 'A MUN': [], 'A VEN': ['bounce'], 'A TYR': [], 'F TUN': ['bounce'], 'F EAS': [], 'F LVN': [], 'F BLA': ['void'], 'A SIL': ['bounce'], 'A NWY': ['void'], 'A MOS': ['bounce'], 'F ANK': [], 'A CON': ['void'], 'A SYR': []}","[{'sender': 'AUSTRIA', 'recipient': 'ENGLAND', 'time_sent': 1654111797885992, 'phase': 'F1903M', 'message': 'XDO (F ENG C A LON - BEL)'}, {'sender': 'AUSTRIA', 'recipient': 'GERMANY', 'time_sent': 1654111798440196, 'phase': 'F1903M', 'message': 'XDO (A HOL - KIE)'}, {'sender': 'AUSTRIA', 'recipient': 'ITALY', 'time_sent': 1654111798719890, 'phase': 'F1903M', 'message': 'ORR (XDO (F TUN - ION)) (XDO (A VEN - TRI))'}, {'sender': 'AUSTRIA', 'recipient': 'RUSSIA', 'time_sent': 1654111799008188, 'phase': 'F1903M', 'message': 'ORR (XDO (F LVN - BAL)) (XDO (A MOS - SEV))'}, {'sender': 'AUSTRIA', 'recipient': 'TURKEY', 'time_sent': 1654111799287357, 'phase': 'F1903M', 'message': 'XDO (F ANK - CON)'}, {'sender': 'ENGLAND', 'recipient': 'AUSTRIA', 'time_sent': 1654111799287671, 'phase': 'F1903M', 'message': 'YES (XDO (F ENG C A LON - BEL))'}, {'sender': 'GERMANY', 'recipient': 'AUSTRIA', 'time_sent': 1654111799287975, 'phase': 'F1903M', 'message': 'YES (XDO (A HOL - KIE))'}]"
W1903A,"{'timestamp': 1654111800754363, 'zobrist_hash': '1416849184474071651', 'note': '', 'name': 'W1903A', 'units': {'AUSTRIA': ['A TRI', 'F GRE', 'A VIE', 'A BUL', 'A GAL', 'A SEV'], 'ENGLAND': ['A LON', 'F ENG', 'F DEN'], 'FRANCE': ['F BRE', 'A PAR', 'A SPA'], 'GERMANY': ['F SWE', 'A MUN', 'A KIE'], 'ITALY': ['A VEN', 'A TYR', 'F TUN', 'F SMY'], 'RUSSIA': ['F LVN', 'F BLA', 'A SIL', 'A NWY', 'A MOS'], 'TURKEY': ['F ANK', 'A CON', 'A SYR']}, 'retreats': {'AUSTRIA': {}, 'ENGLAND': {}, 'FRANCE': {}, 'GERMANY': {}, 'ITALY': {}, 'RUSSIA': {}, 'TURKEY': {}}, 'centers': {'AUSTRIA': ['BUD', 'TRI', 'VIE', 'GRE', 'SER', 'BUL', 'RUM', 'SEV'], 'ENGLAND': ['EDI', 'LON', 'LVP', 'BEL', 'DEN'], 'FRANCE': ['BRE', 'MAR', 'PAR', 'SPA'], 'GERMANY': ['BER', 'KIE', 'MUN', 'HOL', 'SWE'], 'ITALY': ['NAP', 'ROM', 'VEN', 'TUN', 'SMY'], 'RUSSIA': ['MOS', 'STP', 'WAR', 'NWY'], 'TURKEY': ['ANK', 'CON']}, 'homes': {'AUSTRIA': ['BUD', 'TRI', 'VIE'], 'ENGLAND': ['EDI', 'LON', 'LVP'], 'FRANCE': ['BRE', 'MAR', 'PAR'], 'GERMANY': ['BER', 'KIE', 'MUN'], 'ITALY': ['NAP', 'ROM', 'VEN'], 'RUSSIA': ['MOS', 'SEV', 'STP', 'WAR'], 'TURKEY': ['ANK', 'CON', 'SMY']}, 'influence': {'AUSTRIA': ['BUD', 'VIE', 'SER', 'ALB', 'TRI', 'GRE', 'BUL', 'RUM', 'GAL', 'SEV'], 'ENGLAND': ['EDI', 'LVP', 'YOR', 'BEL', 'LON', 'NTH', 'ENG', 'DEN'], 'FRANCE': ['BRE', 'MAR', 'PAR', 'SPA'], 'GERMANY': ['BER', 'RUH', 'HOL', 'SWE', 'MUN', 'KIE'], 'ITALY': ['NAP', 'ROM', 'VEN', 'TYR', 'TUN', 'ION', 'EAS', 'SMY'], 'RUSSIA': ['WAR', 'MOS', 'LVN', 'STP', 'BLA', 'SIL', 'NWY'], 'TURKEY': ['ANK', 'CON', 'SYR']}, 'civil_disorder': {'AUSTRIA': 0, 'ENGLAND': 0, 'FRANCE': 0, 'GERMANY': 0, 'ITALY': 0, 'RUSSIA': 0, 'TURKEY': 0}, 'builds': {'AUSTRIA': {'count': 1, 'homes': ['BUD']}, 'ENGLAND': {'count': 2, 'homes': ['EDI', 'LVP']}, 'FRANCE': {'count': 1, 'homes': ['MAR']}, 'GERMANY': {'count': 1, 'homes': ['BER']}, 'ITALY': {'count': 1, 'homes': ['NAP', 'ROM']}, 'RUSSIA': {'count': -1, 'homes': []}, 'TURKEY': {'count': -1, 'homes': []}}, 'game_id': '-4X5pmi2579WeRaH', 'map': 'standard', 'rules': ['POWER_CHOICE']}","{'AUSTRIA': ['A BUD B'], 'ENGLAND': [], 'FRANCE': [], 'GERMANY': [], 'ITALY': ['F NAP B'], 'RUSSIA': ['F BLA D', 'F LVN D', 'A MOS D', 'A NWY D', 'A SIL D'], 'TURKEY': ['F ANK D', 'A CON D', 'A SYR D']}","{'A BUD': [''], 'F ENG': ['void'], 'WAIVE': ['void'], 'A HOL': ['void'], 'F NAP': [''], 'A ROM': ['void'], 'A VEN': ['void'], 'F ION': ['void'], 'F TUN': ['void'], 'A TYR': ['void'], 'F EAS': ['void'], 'F BLA': [''], 'F LVN': ['void'], 'A MOS': ['void'], 'A NWY': ['void'], 'A SIL': ['void'], 'F ANK': [''], 'A CON': ['void'], 'A SYR': ['void']}",[]
S1904M,"{'timestamp': 1654111803345565, 'zobrist_hash': '7531461798700046624', 'note': '', 'name': 'S1904M', 'units': {'AUSTRIA': ['A TRI', 'F GRE', 'A VIE', 'A BUL', 'A GAL', 'A SEV', 'A BUD'], 'ENGLAND': ['A LON', 'F ENG', 'F DEN'], 'FRANCE': ['F BRE', 'A PAR', 'A SPA'], 'GERMANY': ['F SWE', 'A MUN', 'A KIE'], 'ITALY': ['A VEN', 'A TYR', 'F TUN', 'F SMY', 'F NAP'], 'RUSSIA': ['F LVN', 'A SIL', 'A NWY', 'A MOS'], 'TURKEY': ['A CON', 'A SYR']}, 'retreats': {'AUSTRIA': {}, 'ENGLAND': {}, 'FRANCE': {}, 'GERMANY': {}, 'ITALY': {}, 'RUSSIA': {}, 'TURKEY': {}}, 'centers': {'AUSTRIA': ['BUD', 'TRI', 'VIE', 'GRE', 'SER', 'BUL', 'RUM', 'SEV'], 'ENGLAND': ['EDI', 'LON', 'LVP', 'BEL', 'DEN'], 'FRANCE': ['BRE', 'MAR', 'PAR', 'SPA'], 'GERMANY': ['BER', 'KIE', 'MUN', 'HOL', 'SWE'], 'ITALY': ['NAP', 'ROM', 'VEN', 'TUN', 'SMY'], 'RUSSIA': ['MOS', 'STP', 'WAR', 'NWY'], 'TURKEY': ['ANK', 'CON']}, 'homes': {'AUSTRIA': ['BUD', 'TRI', 'VIE'], 'ENGLAND': ['EDI', 'LON', 'LVP'], 'FRANCE': ['BRE', 'MAR', 'PAR'], 'GERMANY': ['BER', 'KIE', 'MUN'], 'ITALY': ['NAP', 'ROM', 'VEN'], 'RUSSIA': ['MOS', 'SEV', 'STP', 'WAR'], 'TURKEY': ['ANK', 'CON', 'SMY']}, 'influence': {'AUSTRIA': ['BUD', 'VIE', 'SER', 'ALB', 'TRI', 'GRE', 'BUL', 'RUM', 'GAL', 'SEV'], 'ENGLAND': ['EDI', 'LVP', 'YOR', 'BEL', 'LON', 'NTH', 'ENG', 'DEN'], 'FRANCE': ['BRE', 'MAR', 'PAR', 'SPA'], 'GERMANY': ['BER', 'RUH', 'HOL', 'SWE', 'MUN', 'KIE'], 'ITALY': ['NAP', 'ROM', 'VEN', 'TYR', 'TUN', 'ION', 'EAS', 'SMY'], 'RUSSIA': ['WAR', 'MOS', 'LVN', 'STP', 'BLA', 'SIL', 'NWY'], 'TURKEY': ['ANK', 'CON', 'SYR']}, 'civil_disorder': {'AUSTRIA': 0, 'ENGLAND': 0, 'FRANCE': 0, 'GERMANY': 0, 'ITALY': 0, 'RUSSIA': 0, 'TURKEY': 0}, 'builds': {'AUSTRIA': {'count': 0, 'homes': []}, 'ENGLAND': {'count': 0, 'homes': []}, 'FRANCE': {'count': 0, 'homes': []}, 'GERMANY': {'count': 0, 'homes': []}, 'ITALY': {'count': 0, 'homes': []}, 'RUSSIA': {'count': 0, 'homes': []}, 'TURKEY': {'count': 0, 'homes': []}}, 'game_id': '-4X5pmi2579WeRaH', 'map': 'standard', 'rules': ['POWER_CHOICE']}","{'AUSTRIA': ['A SEV S A GAL - UKR', 'A GAL - UKR', 'A VIE - TYR', 'A TRI S A VIE - TYR', 'F GRE - ION', 'A BUD - GAL', 'A BUL - CON'], 'ENGLAND': [], 'FRANCE': ['A PAR - BUR'], 'GERMANY': ['A KIE - DEN'], 'ITALY': ['F NAP - ION', 'A VEN - TRI', 'F TUN S F NAP - ION', 'A TYR S A VEN - TRI', 'F SMY S A BUL - CON'], 'RUSSIA': ['F LVN S F DEN - BAL', 'A MOS S A NWY - STP', 'A NWY S F SWE - FIN', 'A SIL - WAR'], 'TURKEY': ['A CON S A BUL', 'A SYR H']}","{'A TRI': ['cut'], 'F GRE': ['bounce'], 'A VIE': ['bounce'], 'A BUL': [], 'A GAL': [], 'A SEV': [], 'A BUD': [], 'A LON': [], 'F ENG': [], 'F DEN': [], 'F BRE': [], 'A PAR': [], 'A SPA': [], 'F SWE': [], 'A MUN': [], 'A KIE': ['bounce'], 'A VEN': ['bounce'], 'A TYR': ['cut'], 'F TUN': [], 'F SMY': [], 'F NAP': [], 'F LVN': ['void'], 'A SIL': [], 'A NWY': ['void'], 'A MOS': ['void'], 'A CON': ['void', 'dislodged'], 'A SYR': []}","[{'sender': 'AUSTRIA', 'recipient': 'FRANCE', 'time_sent': 1654111801646968, 'phase': 'S1904M', 'message': 'XDO (A PAR - BUR)'}, {'sender': 'AUSTRIA', 'recipient': 'GERMANY', 'time_sent': 1654111801925461, 'phase': 'S1904M', 'message': 'XDO (A KIE - DEN)'}, {'sender': 'AUSTRIA', 'recipient': 'ITALY', 'time_sent': 1654111802207808, 'phase': 'S1904M', 'message': 'ORR (XDO (A TYR S A VEN - TRI)) (XDO (F NAP - ION))'}, {'sender': 'AUSTRIA', 'recipient': 'RUSSIA', 'time_sent': 1654111802490337, 'phase': 'S1904M', 'message': 'ORR (XDO (A NWY - SWE)) (XDO (F LVN - BAL))'}, {'sender': 'FRANCE', 'recipient': 'AUSTRIA', 'time_sent': 1654111802772004, 'phase': 'S1904M', 'message': 'YES (XDO (A PAR - BUR))'}, {'sender': 'GERMANY', 'recipient': 'AUSTRIA', 'time_sent': 1654111802772345, 'phase': 'S1904M', 'message': 'YES (XDO (A KIE - DEN))'}]"
S1904R,"{'timestamp': 1654111803656994, 'zobrist_hash': '2799484861164106631', 'note': '', 'name': 'S1904R', 'units': {'AUSTRIA': ['A TRI', 'F GRE', 'A VIE', 'A SEV', 'A CON', 'A UKR', 'A GAL'], 'ENGLAND': ['A LON', 'F ENG', 'F DEN'], 'FRANCE': ['F BRE', 'A SPA', 'A BUR'], 'GERMANY': ['F SWE', 'A MUN', 'A KIE'], 'ITALY': ['A VEN', 'A TYR', 'F TUN', 'F SMY', 'F ION'], 'RUSSIA': ['F LVN', 'A NWY', 'A MOS', 'A WAR'], 'TURKEY': ['A SYR', '*A CON']}, 'retreats': {'AUSTRIA': {}, 'ENGLAND': {}, 'FRANCE': {}, 'GERMANY': {}, 'ITALY': {}, 'RUSSIA': {}, 'TURKEY': {'A CON': ['ANK']}}, 'centers': {'AUSTRIA': ['BUD', 'TRI', 'VIE', 'GRE', 'SER', 'BUL', 'RUM', 'SEV'], 'ENGLAND': ['EDI', 'LON', 'LVP', 'BEL', 'DEN'], 'FRANCE': ['BRE', 'MAR', 'PAR', 'SPA'], 'GERMANY': ['BER', 'KIE', 'MUN', 'HOL', 'SWE'], 'ITALY': ['NAP', 'ROM', 'VEN', 'TUN', 'SMY'], 'RUSSIA': ['MOS', 'STP', 'WAR', 'NWY'], 'TURKEY': ['ANK', 'CON']}, 'homes': {'AUSTRIA': ['BUD', 'TRI', 'VIE'], 'ENGLAND': ['EDI', 'LON', 'LVP'], 'FRANCE': ['BRE', 'MAR', 'PAR'], 'GERMANY': ['BER', 'KIE', 'MUN'], 'ITALY': ['NAP', 'ROM', 'VEN'], 'RUSSIA': ['MOS', 'SEV', 'STP', 'WAR'], 'TURKEY': ['ANK', 'CON', 'SMY']}, 'influence': {'AUSTRIA': ['BUD', 'VIE', 'SER', 'ALB', 'TRI', 'GRE', 'BUL', 'RUM', 'SEV', 'CON', 'UKR', 'GAL'], 'ENGLAND': ['EDI', 'LVP', 'YOR', 'BEL', 'LON', 'NTH', 'ENG', 'DEN'], 'FRANCE': ['BRE', 'MAR', 'PAR', 'SPA', 'BUR'], 'GERMANY': ['BER', 'RUH', 'HOL', 'SWE', 'MUN', 'KIE'], 'ITALY': ['NAP', 'ROM', 'VEN', 'TYR', 'TUN', 'EAS', 'SMY', 'ION'], 'RUSSIA': ['MOS', 'LVN', 'STP', 'BLA', 'SIL', 'NWY', 'WAR'], 'TURKEY': ['ANK', 'SYR']}, 'civil_disorder': {'AUSTRIA': 0, 'ENGLAND': 0, 'FRANCE': 0, 'GERMANY': 0, 'ITALY': 0, 'RUSSIA': 0, 'TURKEY': 0}, 'builds': {'AUSTRIA': {'count': 0, 'homes': []}, 'ENGLAND': {'count': 0, 'homes': []}, 'FRANCE': {'count': 0, 'homes': []}, 'GERMANY': {'count': 0, 'homes': []}, 'ITALY': {'count': 0, 'homes': []}, 'RUSSIA': {'count': 0, 'homes': []}, 'TURKEY': {'count': 0, 'homes': []}}, 'game_id': '-4X5pmi2579WeRaH', 'map': 'standard', 'rules': ['POWER_CHOICE']}","{'AUSTRIA': [], 'ENGLAND': [], 'FRANCE': [], 'GERMANY': [], 'ITALY': [], 'RUSSIA': [], 'TURKEY': ['A CON D']}","{'A CON': ['disband'], 'A PAR': ['void'], 'A KIE': ['void'], 'F NAP': ['void'], 'A ROM': ['void'], 'A VEN': ['void'], 'F ION': ['void'], 'F TUN': ['void'], 'A TYR': ['void'], 'F EAS': ['void'], 'F SMY': ['void']}",[]
F1904M,"{'timestamp': 1654111806231669, 'zobrist_hash': '525664175874380374', 'note': '', 'name': 'F1904M', 'units': {'AUSTRIA': ['A TRI', 'F GRE', 'A VIE', 'A SEV', 'A CON', 'A UKR', 'A GAL'], 'ENGLAND': ['A LON', 'F ENG', 'F DEN'], 'FRANCE': ['F BRE', 'A SPA', 'A BUR'], 'GERMANY': ['F SWE', 'A MUN', 'A KIE'], 'ITALY': ['A VEN', 'A TYR', 'F TUN', 'F SMY', 'F ION'], 'RUSSIA': ['F LVN', 'A NWY', 'A MOS', 'A WAR'], 'TURKEY': ['A SYR']}, 'retreats': {'AUSTRIA': {}, 'ENGLAND': {}, 'FRANCE': {}, 'GERMANY': {}, 'ITALY': {}, 'RUSSIA': {}, 'TURKEY': {}}, 'centers': {'AUSTRIA': ['BUD', 'TRI', 'VIE', 'GRE', 'SER', 'BUL', 'RUM', 'SEV'], 'ENGLAND': ['EDI', 'LON', 'LVP', 'BEL', 'DEN'], 'FRANCE': ['BRE', 'MAR', 'PAR', 'SPA'], 'GERMANY': ['BER', 'KIE', 'MUN', 'HOL', 'SWE'], 'ITALY': ['NAP', 'ROM', 'VEN', 'TUN', 'SMY'], 'RUSSIA': ['MOS', 'STP', 'WAR', 'NWY'], 'TURKEY': ['ANK', 'CON']}, 'homes': {'AUSTRIA': ['BUD', 'TRI', 'VIE'], 'ENGLAND': ['EDI', 'LON', 'LVP'], 'FRANCE': ['BRE', 'MAR', 'PAR'], 'GERMANY': ['BER', 'KIE', 'MUN'], 'ITALY': ['NAP', 'ROM', 'VEN'], 'RUSSIA': ['MOS', 'SEV', 'STP', 'WAR'], 'TURKEY': ['ANK', 'CON', 'SMY']}, 'influence': {'AUSTRIA': ['BUD', 'VIE', 'SER', 'ALB', 'TRI', 'GRE', 'BUL', 'RUM', 'SEV', 'CON', 'UKR', 'GAL'], 'ENGLAND': ['EDI', 'LVP', 'YOR', 'BEL', 'LON', 'NTH', 'ENG', 'DEN'], 'FRANCE': ['BRE', 'MAR', 'PAR', 'SPA', 'BUR'], 'GERMANY': ['BER', 'RUH', 'HOL', 'SWE', 'MUN', 'KIE'], 'ITALY': ['NAP', 'ROM', 'VEN', 'TYR', 'TUN', 'EAS', 'SMY', 'ION'], 'RUSSIA': ['MOS', 'LVN', 'STP', 'BLA', 'SIL', 'NWY', 'WAR'], 'TURKEY': ['ANK', 'SYR']}, 'civil_disorder': {'AUSTRIA': 0, 'ENGLAND': 0, 'FRANCE': 0, 'GERMANY': 0, 'ITALY': 0, 'RUSSIA': 0, 'TURKEY': 0}, 'builds': {'AUSTRIA': {'count': 0, 'homes': []}, 'ENGLAND': {'count': 0, 'homes': []}, 'FRANCE': {'count': 0, 'homes': []}, 'GERMANY': {'count': 0, 'homes': []}, 'ITALY': {'count': 0, 'homes': []}, 'RUSSIA': {'count': 0, 'homes': []}, 'TURKEY': {'count': 0, 'homes': []}}, 'game_id': '-4X5pmi2579WeRaH', 'map': 'standard', 'rules': ['POWER_CHOICE']}","{'AUSTRIA': ['A SEV - MOS', 'A UKR S A GAL - WAR', 'A GAL - WAR', 'A VIE S A TRI', 'A TRI S A VIE', 'F GRE - ION', 'A CON - ANK'], 'ENGLAND': ['F ENG C A LON - BEL'], 'FRANCE': ['F BRE - MAO', 'A SPA - POR'], 'GERMANY': [], 'ITALY': ['A VEN - TRI', 'F ION - GRE', 'F TUN - ION', 'A TYR S A VEN - TRI', 'F SMY H'], 'RUSSIA': ['F LVN S F SWE - BAL', 'A MOS S A WAR - LVN', 'A NWY S F SWE - FIN', 'A WAR S A MOS'], 'TURKEY': ['A SYR - ARM']}","{'A TRI': ['cut'], 'F GRE': ['bounce'], 'A VIE': [], 'A SEV': ['bounce'], 'A CON': [], 'A UKR': [], 'A GAL': [], 'A LON': [], 'F ENG': ['void'], 'F DEN': [], 'F BRE': [], 'A SPA': [], 'A BUR': [], 'F SWE': [], 'A MUN': [], 'A KIE': [], 'A VEN': ['bounce'], 'A TYR': [], 'F TUN': ['bounce'], 'F SMY': [], 'F ION': ['bounce'], 'F LVN': ['void'], 'A NWY': ['void'], 'A MOS': ['void'], 'A WAR': ['cut', 'dislodged'], 'A SYR': []}","[{'sender': 'AUSTRIA', 'recipient': 'ENGLAND', 'time_sent': 1654111804263768, 'phase': 'F1904M', 'message': 'XDO (F ENG C A LON - BEL)'}, {'sender': 'AUSTRIA', 'recipient': 'FRANCE', 'time_sent': 1654111804543847, 'phase': 'F1904M', 'message': 'ORR (XDO (F BRE - MAO)) (XDO (A SPA - POR))'}, {'sender': 'AUSTRIA', 'recipient': 'ITALY', 'time_sent': 1654111805102337, 'phase': 'F1904M', 'message': 'ORR (XDO (F ION - GRE)) (XDO (A VEN - TRI)) (XDO (F SMY H))'}, {'sender': 'AUSTRIA', 'recipient': 'RUSSIA', 'time_sent': 1654111805380921, 'phase': 'F1904M', 'message': 'ORR (XDO (A NWY S F SWE)) (XDO (F LVN - BAL)) (XDO (A WAR S A MOS))'}, {'sender': 'AUSTRIA', 'recipient': 'TURKEY', 'time_sent': 1654111805658079, 'phase': 'F1904M', 'message': 'XDO (A SYR - SMY)'}, {'sender': 'ENGLAND', 'recipient': 'AUSTRIA', 'time_sent': 1654111805658345, 'phase': 'F1904M', 'message': 'YES (XDO (F ENG C A LON - BEL))'}, {'sender': 'FRANCE', 'recipient': 'AUSTRIA', 'time_sent': 1654111805658597, 'phase': 'F1904M', 'message': 'YES (ORR (XDO (F BRE - MAO)) (XDO (A SPA - POR)))'}]"
F1904R,"{'timestamp': 1654111806562813, 'zobrist_hash': '620899343467354523', 'note': '', 'name': 'F1904R', 'units': {'AUSTRIA': ['A TRI', 'F GRE', 'A VIE', 'A SEV', 'A UKR', 'A ANK', 'A WAR'], 'ENGLAND': ['A LON', 'F ENG', 'F DEN'], 'FRANCE': ['A BUR', 'F MAO', 'A POR'], 'GERMANY': ['F SWE', 'A MUN', 'A KIE'], 'ITALY': ['A VEN', 'A TYR', 'F TUN', 'F SMY', 'F ION'], 'RUSSIA': ['F LVN', 'A NWY', 'A MOS', '*A WAR'], 'TURKEY': ['A ARM']}, 'retreats': {'AUSTRIA': {}, 'ENGLAND': {}, 'FRANCE': {}, 'GERMANY': {}, 'ITALY': {}, 'RUSSIA': {'A WAR': ['PRU', 'SIL']}, 'TURKEY': {}}, 'centers': {'AUSTRIA': ['BUD', 'TRI', 'VIE', 'GRE', 'SER', 'BUL', 'RUM', 'SEV'], 'ENGLAND': ['EDI', 'LON', 'LVP', 'BEL', 'DEN'], 'FRANCE': ['BRE', 'MAR', 'PAR', 'SPA'], 'GERMANY': ['BER', 'KIE', 'MUN', 'HOL', 'SWE'], 'ITALY': ['NAP', 'ROM', 'VEN', 'TUN', 'SMY'], 'RUSSIA': ['MOS', 'STP', 'WAR', 'NWY'], 'TURKEY': ['ANK', 'CON']}, 'homes': {'AUSTRIA': ['BUD', 'TRI', 'VIE'], 'ENGLAND': ['EDI', 'LON', 'LVP'], 'FRANCE': ['BRE', 'MAR', 'PAR'], 'GERMANY': ['BER', 'KIE', 'MUN'], 'ITALY': ['NAP', 'ROM', 'VEN'], 'RUSSIA': ['MOS', 'SEV', 'STP', 'WAR'], 'TURKEY': ['ANK', 'CON', 'SMY']}, 'influence': {'AUSTRIA': ['BUD', 'VIE', 'SER', 'ALB', 'TRI', 'GRE', 'BUL', 'RUM', 'SEV', 'CON', 'UKR', 'GAL', 'ANK', 'WAR'], 'ENGLAND': ['EDI', 'LVP', 'YOR', 'BEL', 'LON', 'NTH', 'ENG', 'DEN'], 'FRANCE': ['BRE', 'MAR', 'PAR', 'SPA', 'BUR', 'MAO', 'POR'], 'GERMANY': ['BER', 'RUH', 'HOL', 'SWE', 'MUN', 'KIE'], 'ITALY': ['NAP', 'ROM', 'VEN', 'TYR', 'TUN', 'EAS', 'SMY', 'ION'], 'RUSSIA': ['MOS', 'LVN', 'STP', 'BLA', 'SIL', 'NWY'], 'TURKEY': ['SYR', 'ARM']}, 'civil_disorder': {'AUSTRIA': 0, 'ENGLAND': 0, 'FRANCE': 0, 'GERMANY': 0, 'ITALY': 0, 'RUSSIA': 0, 'TURKEY': 0}, 'builds': {'AUSTRIA': {'count': 0, 'homes': []}, 'ENGLAND': {'count': 0, 'homes': []}, 'FRANCE': {'count': 0, 'homes': []}, 'GERMANY': {'count': 0, 'homes': []}, 'ITALY': {'count': 0, 'homes': []}, 'RUSSIA': {'count': 0, 'homes': []}, 'TURKEY': {'count': 0, 'homes': []}}, 'game_id': '-4X5pmi2579WeRaH', 'map': 'standard', 'rules': ['POWER_CHOICE']}","{'AUSTRIA': [], 'ENGLAND': [], 'FRANCE': [], 'GERMANY': [], 'ITALY': [], 'RUSSIA': ['A WAR R SIL'], 'TURKEY': []}","{'A WAR': [], 'F ENG': ['void'], 'F BRE': ['void'], 'A SPA': ['void'], 'F NAP': ['void'], 'A ROM': ['void'], 'A VEN': ['void'], 'F ION': ['void'], 'F TUN': ['void'], 'A TYR': ['void'], 'F EAS': ['void'], 'F SMY': ['void']}",[]
W1904A,"{'timestamp': 1654111807171079, 'zobrist_hash': '8228170959216816400', 'note': '', 'name': 'W1904A', 'units': {'AUSTRIA': ['A TRI', 'F GRE', 'A VIE', 'A SEV', 'A UKR', 'A ANK', 'A WAR'], 'ENGLAND': ['A LON', 'F ENG', 'F DEN'], 'FRANCE': ['A BUR', 'F MAO', 'A POR'], 'GERMANY': ['F SWE', 'A MUN', 'A KIE'], 'ITALY': ['A VEN', 'A TYR', 'F TUN', 'F SMY', 'F ION'], 'RUSSIA': ['F LVN', 'A NWY', 'A MOS', 'A SIL'], 'TURKEY': ['A ARM']}, 'retreats': {'AUSTRIA': {}, 'ENGLAND': {}, 'FRANCE': {}, 'GERMANY': {}, 'ITALY': {}, 'RUSSIA': {}, 'TURKEY': {}}, 'centers': {'AUSTRIA': ['BUD', 'TRI', 'VIE', 'GRE', 'SER', 'BUL', 'RUM', 'SEV', 'WAR', 'ANK'], 'ENGLAND': ['EDI', 'LON', 'LVP', 'BEL', 'DEN'], 'FRANCE': ['BRE', 'MAR', 'PAR', 'SPA', 'POR'], 'GERMANY': ['BER', 'KIE', 'MUN', 'HOL', 'SWE'], 'ITALY': ['NAP', 'ROM', 'VEN', 'TUN', 'SMY'], 'RUSSIA': ['MOS', 'STP', 'NWY'], 'TURKEY': ['CON']}, 'homes': {'AUSTRIA': ['BUD', 'TRI', 'VIE'], 'ENGLAND': ['EDI', 'LON', 'LVP'], 'FRANCE': ['BRE', 'MAR', 'PAR'], 'GERMANY': ['BER', 'KIE', 'MUN'], 'ITALY': ['NAP', 'ROM', 'VEN'], 'RUSSIA': ['MOS', 'SEV', 'STP', 'WAR'], 'TURKEY': ['ANK', 'CON', 'SMY']}, 'influence': {'AUSTRIA': ['BUD', 'VIE', 'SER', 'ALB', 'TRI', 'GRE', 'BUL', 'RUM', 'SEV', 'CON', 'UKR', 'GAL', 'ANK', 'WAR'], 'ENGLAND': ['EDI', 'LVP', 'YOR', 'BEL', 'LON', 'NTH', 'ENG', 'DEN'], 'FRANCE': ['BRE', 'MAR', 'PAR', 'SPA', 'BUR', 'MAO', 'POR'], 'GERMANY': ['BER', 'RUH', 'HOL', 'SWE', 'MUN', 'KIE'], 'ITALY': ['NAP', 'ROM', 'VEN', 'TYR', 'TUN', 'EAS', 'SMY', 'ION'], 'RUSSIA': ['MOS', 'LVN', 'STP', 'BLA', 'NWY', 'SIL'], 'TURKEY': ['SYR', 'ARM']}, 'civil_disorder': {'AUSTRIA': 0, 'ENGLAND': 0, 'FRANCE': 0, 'GERMANY': 0, 'ITALY': 0, 'RUSSIA': 0, 'TURKEY': 0}, 'builds': {'AUSTRIA': {'count': 1, 'homes': ['BUD']}, 'ENGLAND': {'count': 2, 'homes': ['EDI', 'LVP']}, 'FRANCE': {'count': 2, 'homes': ['BRE', 'MAR', 'PAR']}, 'GERMANY': {'count': 1, 'homes': ['BER']}, 'ITALY': {'count': 0, 'homes': []}, 'RUSSIA': {'count': -1, 'homes': []}, 'TURKEY': {'count': 0, 'homes': []}}, 'game_id': '-4X5pmi2579WeRaH', 'map': 'standard', 'rules': ['POWER_CHOICE']}","{'AUSTRIA': ['A BUD B'], 'ENGLAND': [], 'FRANCE': [], 'GERMANY': [], 'ITALY': [], 'RUSSIA': ['F LVN D', 'A MOS D', 'A NWY D', 'A SIL D'], 'TURKEY': []}","{'A BUD': [''], 'F ENG': ['void'], 'WAIVE': ['void'], 'F BRE': ['void'], 'A SPA': ['void'], 'F NAP': ['void'], 'A ROM': ['void'], 'A VEN': ['void'], 'F ION': ['void'], 'F TUN': ['void'], 'A TYR': ['void'], 'F EAS': ['void'], 'F SMY': ['void'], 'F LVN': [''], 'A MOS': ['void'], 'A NWY': ['void'], 'A SIL': ['void']}",[]
S1905M,"{'timestamp': 1654111809788995, 'zobrist_hash': '1918015223082912071', 'note': '', 'name': 'S1905M', 'units': {'AUSTRIA': ['A TRI', 'F GRE', 'A VIE', 'A SEV', 'A UKR', 'A ANK', 'A WAR', 'A BUD'], 'ENGLAND': ['A LON', 'F ENG', 'F DEN'], 'FRANCE': ['A BUR', 'F MAO', 'A POR'], 'GERMANY': ['F SWE', 'A MUN', 'A KIE'], 'ITALY': ['A VEN', 'A TYR', 'F TUN', 'F SMY', 'F ION'], 'RUSSIA': ['A NWY', 'A MOS', 'A SIL'], 'TURKEY': ['A ARM']}, 'retreats': {'AUSTRIA': {}, 'ENGLAND': {}, 'FRANCE': {}, 'GERMANY': {}, 'ITALY': {}, 'RUSSIA': {}, 'TURKEY': {}}, 'centers': {'AUSTRIA': ['BUD', 'TRI', 'VIE', 'GRE', 'SER', 'BUL', 'RUM', 'SEV', 'WAR', 'ANK'], 'ENGLAND': ['EDI', 'LON', 'LVP', 'BEL', 'DEN'], 'FRANCE': ['BRE', 'MAR', 'PAR', 'SPA', 'POR'], 'GERMANY': ['BER', 'KIE', 'MUN', 'HOL', 'SWE'], 'ITALY': ['NAP', 'ROM', 'VEN', 'TUN', 'SMY'], 'RUSSIA': ['MOS', 'STP', 'NWY'], 'TURKEY': ['CON']}, 'homes': {'AUSTRIA': ['BUD', 'TRI', 'VIE'], 'ENGLAND': ['EDI', 'LON', 'LVP'], 'FRANCE': ['BRE', 'MAR', 'PAR'], 'GERMANY': ['BER', 'KIE', 'MUN'], 'ITALY': ['NAP', 'ROM', 'VEN'], 'RUSSIA': ['MOS', 'SEV', 'STP', 'WAR'], 'TURKEY': ['ANK', 'CON', 'SMY']}, 'influence': {'AUSTRIA': ['BUD', 'VIE', 'SER', 'ALB', 'TRI', 'GRE', 'BUL', 'RUM', 'SEV', 'CON', 'UKR', 'GAL', 'ANK', 'WAR'], 'ENGLAND': ['EDI', 'LVP', 'YOR', 'BEL', 'LON', 'NTH', 'ENG', 'DEN'], 'FRANCE': ['BRE', 'MAR', 'PAR', 'SPA', 'BUR', 'MAO', 'POR'], 'GERMANY': ['BER', 'RUH', 'HOL', 'SWE', 'MUN', 'KIE'], 'ITALY': ['NAP', 'ROM', 'VEN', 'TYR', 'TUN', 'EAS', 'SMY', 'ION'], 'RUSSIA': ['MOS', 'LVN', 'STP', 'BLA', 'NWY', 'SIL'], 'TURKEY': ['SYR', 'ARM']}, 'civil_disorder': {'AUSTRIA': 0, 'ENGLAND': 0, 'FRANCE': 0, 'GERMANY': 0, 'ITALY': 0, 'RUSSIA': 0, 'TURKEY': 0}, 'builds': {'AUSTRIA': {'count': 0, 'homes': []}, 'ENGLAND': {'count': 0, 'homes': []}, 'FRANCE': {'count': 0, 'homes': []}, 'GERMANY': {'count': 0, 'homes': []}, 'ITALY': {'count': 0, 'homes': []}, 'RUSSIA': {'count': 0, 'homes': []}, 'TURKEY': {'count': 0, 'homes': []}}, 'game_id': '-4X5pmi2579WeRaH', 'map': 'standard', 'rules': ['POWER_CHOICE']}","{'AUSTRIA': ['A WAR S A UKR - MOS', 'A SEV S A UKR - MOS', 'A UKR - MOS', 'A VIE - TYR', 'A TRI S A VIE - TYR', 'F GRE - ION', 'A BUD - GAL', 'A ANK - CON'], 'ENGLAND': ['A LON - BEL VIA', 'F DEN S F SWE'], 'FRANCE': ['F MAO C A POR - BRE', 'A BUR - BEL', 'A POR - BRE VIA'], 'GERMANY': ['F SWE S A KIE - DEN'], 'ITALY': ['A VEN - TRI', 'F ION - EAS', 'F TUN - ION', 'A TYR S A VEN - TRI', 'F SMY S F ION - AEG'], 'RUSSIA': ['A MOS S A WAR', 'A NWY S A MOS - STP', 'A SIL S A VIE - GAL'], 'TURKEY': ['A ARM - ANK']}","{'A TRI': ['cut'], 'F GRE': ['bounce'], 'A VIE': ['bounce'], 'A SEV': [], 'A UKR': [], 'A ANK': [], 'A WAR': [], 'A BUD': [], 'A LON': ['no convoy'], 'F ENG': [], 'F DEN': [], 'A BUR': [], 'F MAO': [], 'A POR': [], 'F SWE': ['void'], 'A MUN': [], 'A KIE': [], 'A VEN': ['bounce'], 'A TYR': ['cut'], 'F TUN': ['bounce'], 'F SMY': ['void'], 'F ION': [], 'A NWY': ['void'], 'A MOS': ['cut', 'dislodged'], 'A SIL': ['void'], 'A ARM': []}","[{'sender': 'AUSTRIA', 'recipient': 'ENGLAND', 'time_sent': 1654111807800450, 'phase': 'S1905M', 'message': 'ORR (XDO (A LON - BEL VIA)) (XDO (F DEN S F SWE))'}, {'sender': 'AUSTRIA', 'recipient': 'FRANCE', 'time_sent': 1654111808082112, 'phase': 'S1905M', 'message': 'ORR (XDO (F MAO C A POR - BRE)) (XDO (A BUR - BEL)) (XDO (A POR - BRE VIA))'}, {'sender': 'AUSTRIA', 'recipient': 'GERMANY', 'time_sent': 1654111808364636, 'phase': 'S1905M', 'message': 'ORR (XDO (F SWE S A KIE - DEN)) (XDO (A MUN - BUR))'}, {'sender': 'AUSTRIA', 'recipient': 'ITALY', 'time_sent': 1654111808653357, 'phase': 'S1905M', 'message': 'ORR (XDO (F TUN - ION)) (XDO (F ION - EAS))'}, {'sender': 'AUSTRIA', 'recipient': 'RUSSIA', 'time_sent': 1654111808933998, 'phase': 'S1905M', 'message': 'ORR (XDO (A NWY S F SWE)) (XDO (A MOS S A SIL - WAR)) (XDO (A SIL - WAR))'}, {'sender': 'ENGLAND', 'recipient': 'AUSTRIA', 'time_sent': 1654111809210508, 'phase': 'S1905M', 'message': 'YES (ORR (XDO (A LON - BEL VIA)) (XDO (F DEN S F SWE)))'}, {'sender': 'FRANCE', 'recipient': 'AUSTRIA', 'time_sent': 1654111809210776, 'phase': 'S1905M', 'message': 'YES (ORR (XDO (F MAO C A POR - BRE)) (XDO (A BUR - BEL)) (XDO (A POR - BRE VIA)))'}, {'sender': 'GERMANY', 'recipient': 'AUSTRIA', 'time_sent': 1654111809210971, 'phase': 'S1905M', 'message': 'YES (ORR (XDO (F SWE S A KIE - DEN)) (XDO (A MUN - BUR)))'}]"
S1905R,"{'timestamp': 1654111810106816, 'zobrist_hash': '431267086606100119', 'note': '', 'name': 'S1905R', 'units': {'AUSTRIA': ['A TRI', 'F GRE', 'A VIE', 'A SEV', 'A WAR', 'A MOS', 'A CON', 'A GAL'], 'ENGLAND': ['A LON', 'F ENG', 'F DEN'], 'FRANCE': ['F MAO', 'A BEL', 'A BRE'], 'GERMANY': ['F SWE', 'A MUN', 'A KIE'], 'ITALY': ['A VEN', 'A TYR', 'F TUN', 'F SMY', 'F EAS'], 'RUSSIA': ['A NWY', 'A SIL', '*A MOS'], 'TURKEY': ['A ANK']}, 'retreats': {'AUSTRIA': {}, 'ENGLAND': {}, 'FRANCE': {}, 'GERMANY': {}, 'ITALY': {}, 'RUSSIA': {'A MOS': ['LVN', 'STP']}, 'TURKEY': {}}, 'centers': {'AUSTRIA': ['BUD', 'TRI', 'VIE', 'GRE', 'SER', 'BUL', 'RUM', 'SEV', 'WAR', 'ANK'], 'ENGLAND': ['EDI', 'LON', 'LVP', 'BEL', 'DEN'], 'FRANCE': ['BRE', 'MAR', 'PAR', 'SPA', 'POR'], 'GERMANY': ['BER', 'KIE', 'MUN', 'HOL', 'SWE'], 'ITALY': ['NAP', 'ROM', 'VEN', 'TUN', 'SMY'], 'RUSSIA': ['MOS', 'STP', 'NWY'], 'TURKEY': ['CON']}, 'homes': {'AUSTRIA': ['BUD', 'TRI', 'VIE'], 'ENGLAND': ['EDI', 'LON', 'LVP'], 'FRANCE': ['BRE', 'MAR', 'PAR'], 'GERMANY': ['BER', 'KIE', 'MUN'], 'ITALY': ['NAP', 'ROM', 'VEN'], 'RUSSIA': ['MOS', 'SEV', 'STP', 'WAR'], 'TURKEY': ['ANK', 'CON', 'SMY']}, 'influence': {'AUSTRIA': ['BUD', 'VIE', 'SER', 'ALB', 'TRI', 'GRE', 'BUL', 'RUM', 'SEV', 'UKR', 'WAR', 'MOS', 'CON', 'GAL'], 'ENGLAND': ['EDI', 'LVP', 'YOR', 'LON', 'NTH', 'ENG', 'DEN'], 'FRANCE': ['MAR', 'PAR', 'SPA', 'BUR', 'MAO', 'POR', 'BEL', 'BRE'], 'GERMANY': ['BER', 'RUH', 'HOL', 'SWE', 'MUN', 'KIE'], 'ITALY': ['NAP', 'ROM', 'VEN', 'TYR', 'TUN', 'SMY', 'ION', 'EAS'], 'RUSSIA': ['LVN', 'STP', 'BLA', 'NWY', 'SIL'], 'TURKEY': ['SYR', 'ARM', 'ANK']}, 'civil_disorder': {'AUSTRIA': 0, 'ENGLAND': 0, 'FRANCE': 0, 'GERMANY': 0, 'ITALY': 0, 'RUSSIA': 0, 'TURKEY': 0}, 'builds': {'AUSTRIA': {'count': 0, 'homes': []}, 'ENGLAND': {'count': 0, 'homes': []}, 'FRANCE': {'count': 0, 'homes': []}, 'GERMANY': {'count': 0, 'homes': []}, 'ITALY': {'count': 0, 'homes': []}, 'RUSSIA': {'count': 0, 'homes': []}, 'TURKEY': {'count': 0, 'homes': []}}, 'game_id': '-4X5pmi2579WeRaH', 'map': 'standard', 'rules': ['POWER_CHOICE']}","{'AUSTRIA': [], 'ENGLAND': [], 'FRANCE': [], 'GERMANY': [], 'ITALY': [], 'RUSSIA': ['A MOS R LVN'], 'TURKEY': []}","{'A MOS': [], 'A LON': ['void'], 'F DEN': ['void'], 'F MAO': ['void'], 'A BUR': ['void'], 'A POR': ['void'], 'F SWE': ['void'], 'F NAP': ['void'], 'A ROM': ['void'], 'A VEN': ['void'], 'F ION': ['void'], 'F TUN': ['void'], 'A TYR': ['void'], 'F EAS': ['void'], 'F SMY': ['void']}",[]
F1905M,"{'timestamp': 1654111812689932, 'zobrist_hash': '6735894907070442692', 'note': '', 'name': 'F1905M', 'units': {'AUSTRIA': ['A TRI', 'F GRE', 'A VIE', 'A SEV', 'A WAR', 'A MOS', 'A CON', 'A GAL'], 'ENGLAND': ['A LON', 'F ENG', 'F DEN'], 'FRANCE': ['F MAO', 'A BEL', 'A BRE'], 'GERMANY': ['F SWE', 'A MUN', 'A KIE'], 'ITALY': ['A VEN', 'A TYR', 'F TUN', 'F SMY', 'F EAS'], 'RUSSIA': ['A NWY', 'A SIL', 'A LVN'], 'TURKEY': ['A ANK']}, 'retreats': {'AUSTRIA': {}, 'ENGLAND': {}, 'FRANCE': {}, 'GERMANY': {}, 'ITALY': {}, 'RUSSIA': {}, 'TURKEY': {}}, 'centers': {'AUSTRIA': ['BUD', 'TRI', 'VIE', 'GRE', 'SER', 'BUL', 'RUM', 'SEV', 'WAR', 'ANK'], 'ENGLAND': ['EDI', 'LON', 'LVP', 'BEL', 'DEN'], 'FRANCE': ['BRE', 'MAR', 'PAR', 'SPA', 'POR'], 'GERMANY': ['BER', 'KIE', 'MUN', 'HOL', 'SWE'], 'ITALY': ['NAP', 'ROM', 'VEN', 'TUN', 'SMY'], 'RUSSIA': ['MOS', 'STP', 'NWY'], 'TURKEY': ['CON']}, 'homes': {'AUSTRIA': ['BUD', 'TRI', 'VIE'], 'ENGLAND': ['EDI', 'LON', 'LVP'], 'FRANCE': ['BRE', 'MAR', 'PAR'], 'GERMANY': ['BER', 'KIE', 'MUN'], 'ITALY': ['NAP', 'ROM', 'VEN'], 'RUSSIA': ['MOS', 'SEV', 'STP', 'WAR'], 'TURKEY': ['ANK', 'CON', 'SMY']}, 'influence': {'AUSTRIA': ['BUD', 'VIE', 'SER', 'ALB', 'TRI', 'GRE', 'BUL', 'RUM', 'SEV', 'UKR', 'WAR', 'MOS', 'CON', 'GAL'], 'ENGLAND': ['EDI', 'LVP', 'YOR', 'LON', 'NTH', 'ENG', 'DEN'], 'FRANCE': ['MAR', 'PAR', 'SPA', 'BUR', 'MAO', 'POR', 'BEL', 'BRE'], 'GERMANY': ['BER', 'RUH', 'HOL', 'SWE', 'MUN', 'KIE'], 'ITALY': ['NAP', 'ROM', 'VEN', 'TYR', 'TUN', 'SMY', 'ION', 'EAS'], 'RUSSIA': ['STP', 'BLA', 'NWY', 'SIL', 'LVN'], 'TURKEY': ['SYR', 'ARM', 'ANK']}, 'civil_disorder': {'AUSTRIA': 0, 'ENGLAND': 0, 'FRANCE': 0, 'GERMANY': 0, 'ITALY': 0, 'RUSSIA': 0, 'TURKEY': 0}, 'builds': {'AUSTRIA': {'count': 0, 'homes': []}, 'ENGLAND': {'count': 0, 'homes': []}, 'FRANCE': {'count': 0, 'homes': []}, 'GERMANY': {'count': 0, 'homes': []}, 'ITALY': {'count': 0, 'homes': []}, 'RUSSIA': {'count': 0, 'homes': []}, 'TURKEY': {'count': 0, 'homes': []}}, 'game_id': '-4X5pmi2579WeRaH', 'map': 'standard', 'rules': ['POWER_CHOICE']}","{'AUSTRIA': ['A MOS S A WAR', 'A WAR S A MOS', 'A SEV - ARM', 'A GAL S A WAR', 'A VIE S A TRI', 'A TRI S A VIE', 'F GRE - ION', 'A CON H'], 'ENGLAND': ['A LON - YOR'], 'FRANCE': [], 'GERMANY': ['F SWE S A KIE - DEN'], 'ITALY': ['A VEN - TRI', 'F TUN - ION', 'A TYR S A VEN - TRI', 'F EAS S F SMY', 'F SMY H'], 'RUSSIA': ['A LVN - STP', 'A NWY - FIN', 'A SIL S A MOS - WAR'], 'TURKEY': ['A ANK - CON']}","{'A TRI': ['cut'], 'F GRE': ['bounce'], 'A VIE': [], 'A SEV': [], 'A WAR': [], 'A MOS': [], 'A CON': [], 'A GAL': [], 'A LON': [], 'F ENG': [], 'F DEN': [], 'F MAO': [], 'A BEL': [], 'A BRE': [], 'F SWE': ['void'], 'A MUN': [], 'A KIE': [], 'A VEN': ['bounce'], 'A TYR': [], 'F TUN': ['bounce'], 'F SMY': [], 'F EAS': [], 'A NWY': [], 'A SIL': ['void'], 'A LVN': [], 'A ANK': ['bounce']}","[{'sender': 'AUSTRIA', 'recipient': 'ENGLAND', 'time_sent': 1654111810721712, 'phase': 'F1905M', 'message': 'XDO (A LON - YOR)'}, {'sender': 'AUSTRIA', 'recipient': 'FRANCE', 'time_sent': 1654111811003983, 'phase': 'F1905M', 'message': 'XDO (F MAO - ENG)'}, {'sender': 'AUSTRIA', 'recipient': 'GERMANY', 'time_sent': 1654111811279801, 'phase': 'F1905M', 'message': 'XDO (F SWE S A KIE - DEN)'}, {'sender': 'AUSTRIA', 'recipient': 'ITALY', 'time_sent': 1654111811561197, 'phase': 'F1905M', 'message': 'ORR (XDO (F TUN - ION)) (XDO (A VEN - TRI))'}, {'sender': 'AUSTRIA', 'recipient': 'RUSSIA', 'time_sent': 1654111811839683, 'phase': 'F1905M', 'message': 'XDO (A NWY S A LVN - STP)'}, {'sender': 'AUSTRIA', 'recipient': 'TURKEY', 'time_sent': 1654111812118656, 'phase': 'F1905M', 'message': 'XDO (A ANK - CON)'}, {'sender': 'ENGLAND', 'recipient': 'AUSTRIA', 'time_sent': 1654111812119004, 'phase': 'F1905M', 'message': 'YES (XDO (A LON - YOR))'}, {'sender': 'FRANCE', 'recipient': 'AUSTRIA', 'time_sent': 1654111812119209, 'phase': 'F1905M', 'message': 'YES (XDO (F MAO - ENG))'}, {'sender': 'GERMANY', 'recipient': 'AUSTRIA', 'time_sent': 1654111812119501, 'phase': 'F1905M', 'message': 'YES (XDO (F SWE S A KIE - DEN))'}]"
W1905A,"{'timestamp': 1654111813275686, 'zobrist_hash': '6290005652041375931', 'note': '', 'name': 'W1905A', 'units': {'AUSTRIA': ['A TRI', 'F GRE', 'A VIE', 'A WAR', 'A MOS', 'A CON', 'A GAL', 'A ARM'], 'ENGLAND': ['F ENG', 'F DEN', 'A YOR'], 'FRANCE': ['F MAO', 'A BEL', 'A BRE'], 'GERMANY': ['F SWE', 'A MUN', 'A KIE'], 'ITALY': ['A VEN', 'A TYR', 'F TUN', 'F SMY', 'F EAS'], 'RUSSIA': ['A SIL', 'A FIN', 'A STP'], 'TURKEY': ['A ANK']}, 'retreats': {'AUSTRIA': {}, 'ENGLAND': {}, 'FRANCE': {}, 'GERMANY': {}, 'ITALY': {}, 'RUSSIA': {}, 'TURKEY': {}}, 'centers': {'AUSTRIA': ['BUD', 'TRI', 'VIE', 'GRE', 'SER', 'BUL', 'RUM', 'SEV', 'WAR', 'MOS', 'CON'], 'ENGLAND': ['EDI', 'LON', 'LVP', 'DEN'], 'FRANCE': ['BRE', 'MAR', 'PAR', 'SPA', 'POR', 'BEL'], 'GERMANY': ['BER', 'KIE', 'MUN', 'HOL', 'SWE'], 'ITALY': ['NAP', 'ROM', 'VEN', 'TUN', 'SMY'], 'RUSSIA': ['STP', 'NWY'], 'TURKEY': ['ANK']}, 'homes': {'AUSTRIA': ['BUD', 'TRI', 'VIE'], 'ENGLAND': ['EDI', 'LON', 'LVP'], 'FRANCE': ['BRE', 'MAR', 'PAR'], 'GERMANY': ['BER', 'KIE', 'MUN'], 'ITALY': ['NAP', 'ROM', 'VEN'], 'RUSSIA': ['MOS', 'SEV', 'STP', 'WAR'], 'TURKEY': ['ANK', 'CON', 'SMY']}, 'influence': {'AUSTRIA': ['BUD', 'VIE', 'SER', 'ALB', 'TRI', 'GRE', 'BUL', 'RUM', 'SEV', 'UKR', 'WAR', 'MOS', 'CON', 'GAL', 'ARM'], 'ENGLAND': ['EDI', 'LVP', 'LON', 'NTH', 'ENG', 'DEN', 'YOR'], 'FRANCE': ['MAR', 'PAR', 'SPA', 'BUR', 'MAO', 'POR', 'BEL', 'BRE'], 'GERMANY': ['BER', 'RUH', 'HOL', 'SWE', 'MUN', 'KIE'], 'ITALY': ['NAP', 'ROM', 'VEN', 'TYR', 'TUN', 'SMY', 'ION', 'EAS'], 'RUSSIA': ['BLA', 'NWY', 'SIL', 'LVN', 'FIN', 'STP'], 'TURKEY': ['SYR', 'ANK']}, 'civil_disorder': {'AUSTRIA': 0, 'ENGLAND': 0, 'FRANCE': 0, 'GERMANY': 0, 'ITALY': 0, 'RUSSIA': 0, 'TURKEY': 0}, 'builds': {'AUSTRIA': {'count': 1, 'homes': ['BUD']}, 'ENGLAND': {'count': 1, 'homes': ['EDI', 'LON', 'LVP']}, 'FRANCE': {'count': 2, 'homes': ['MAR', 'PAR']}, 'GERMANY': {'count': 1, 'homes': ['BER']}, 'ITALY': {'count': 0, 'homes': []}, 'RUSSIA': {'count': -1, 'homes': []}, 'TURKEY': {'count': 0, 'homes': []}}, 'game_id': '-4X5pmi2579WeRaH', 'map': 'standard', 'rules': ['POWER_CHOICE']}","{'AUSTRIA': ['A BUD B'], 'ENGLAND': [], 'FRANCE': [], 'GERMANY': [], 'ITALY': [], 'RUSSIA': ['A FIN D', 'A SIL D', 'A STP D'], 'TURKEY': []}","{'A BUD': [''], 'A LON': ['void'], 'F SWE': ['void'], 'F NAP': ['void'], 'A ROM': ['void'], 'A VEN': ['void'], 'F ION': ['void'], 'F TUN': ['void'], 'A TYR': ['void'], 'F EAS': ['void'], 'F SMY': ['void'], 'A FIN': [''], 'A SIL': ['void'], 'A STP': ['void']}",[]
S1906M,"{'timestamp': 1654111815869029, 'zobrist_hash': '4571028198938832251', 'note': '', 'name': 'S1906M', 'units': {'AUSTRIA': ['A TRI', 'F GRE', 'A VIE', 'A WAR', 'A MOS', 'A CON', 'A GAL', 'A ARM', 'A BUD'], 'ENGLAND': ['F ENG', 'F DEN', 'A YOR'], 'FRANCE': ['F MAO', 'A BEL', 'A BRE'], 'GERMANY': ['F SWE', 'A MUN', 'A KIE'], 'ITALY': ['A VEN', 'A TYR', 'F TUN', 'F SMY', 'F EAS'], 'RUSSIA': ['A SIL', 'A STP'], 'TURKEY': ['A ANK']}, 'retreats': {'AUSTRIA': {}, 'ENGLAND': {}, 'FRANCE': {}, 'GERMANY': {}, 'ITALY': {}, 'RUSSIA': {}, 'TURKEY': {}}, 'centers': {'AUSTRIA': ['BUD', 'TRI', 'VIE', 'GRE', 'SER', 'BUL', 'RUM', 'SEV', 'WAR', 'MOS', 'CON'], 'ENGLAND': ['EDI', 'LON', 'LVP', 'DEN'], 'FRANCE': ['BRE', 'MAR', 'PAR', 'SPA', 'POR', 'BEL'], 'GERMANY': ['BER', 'KIE', 'MUN', 'HOL', 'SWE'], 'ITALY': ['NAP', 'ROM', 'VEN', 'TUN', 'SMY'], 'RUSSIA': ['STP', 'NWY'], 'TURKEY': ['ANK']}, 'homes': {'AUSTRIA': ['BUD', 'TRI', 'VIE'], 'ENGLAND': ['EDI', 'LON', 'LVP'], 'FRANCE': ['BRE', 'MAR', 'PAR'], 'GERMANY': ['BER', 'KIE', 'MUN'], 'ITALY': ['NAP', 'ROM', 'VEN'], 'RUSSIA': ['MOS', 'SEV', 'STP', 'WAR'], 'TURKEY': ['ANK', 'CON', 'SMY']}, 'influence': {'AUSTRIA': ['BUD', 'VIE', 'SER', 'ALB', 'TRI', 'GRE', 'BUL', 'RUM', 'SEV', 'UKR', 'WAR', 'MOS', 'CON', 'GAL', 'ARM'], 'ENGLAND': ['EDI', 'LVP', 'LON', 'NTH', 'ENG', 'DEN', 'YOR'], 'FRANCE': ['MAR', 'PAR', 'SPA', 'BUR', 'MAO', 'POR', 'BEL', 'BRE'], 'GERMANY': ['BER', 'RUH', 'HOL', 'SWE', 'MUN', 'KIE'], 'ITALY': ['NAP', 'ROM', 'VEN', 'TYR', 'TUN', 'SMY', 'ION', 'EAS'], 'RUSSIA': ['BLA', 'NWY', 'SIL', 'LVN', 'FIN', 'STP'], 'TURKEY': ['SYR', 'ANK']}, 'civil_disorder': {'AUSTRIA': 0, 'ENGLAND': 0, 'FRANCE': 0, 'GERMANY': 0, 'ITALY': 0, 'RUSSIA': 0, 'TURKEY': 0}, 'builds': {'AUSTRIA': {'count': 0, 'homes': []}, 'ENGLAND': {'count': 0, 'homes': []}, 'FRANCE': {'count': 0, 'homes': []}, 'GERMANY': {'count': 0, 'homes': []}, 'ITALY': {'count': 0, 'homes': []}, 'RUSSIA': {'count': 0, 'homes': []}, 'TURKEY': {'count': 0, 'homes': []}}, 'game_id': '-4X5pmi2579WeRaH', 'map': 'standard', 'rules': ['POWER_CHOICE']}","{'AUSTRIA': ['A MOS S A WAR - LVN', 'A WAR - LVN', 'A GAL - BOH', 'A VIE - TYR', 'A TRI S A VIE - TYR', 'A ARM S A CON - ANK', 'F GRE - ION', 'A BUD S A TRI', 'A CON - ANK'], 'ENGLAND': [], 'FRANCE': ['A BEL - HOL'], 'GERMANY': ['A KIE - DEN'], 'ITALY': ['A VEN - TRI', 'F TUN - ION', 'A TYR S A VEN - TRI', 'F EAS S F SMY', 'F SMY H'], 'RUSSIA': ['A SIL S A BUD - GAL', 'A STP S F SWE - FIN'], 'TURKEY': ['A ANK - SMY']}","{'A TRI': ['cut'], 'F GRE': ['bounce'], 'A VIE': ['bounce'], 'A WAR': [], 'A MOS': [], 'A CON': [], 'A GAL': [], 'A ARM': [], 'A BUD': [], 'F ENG': [], 'F DEN': [], 'A YOR': [], 'F MAO': [], 'A BEL': [], 'A BRE': [], 'F SWE': [], 'A MUN': [], 'A KIE': ['bounce'], 'A VEN': ['bounce'], 'A TYR': ['cut'], 'F TUN': ['bounce'], 'F SMY': [], 'F EAS': [], 'A SIL': ['void'], 'A STP': ['void'], 'A ANK': ['bounce', 'dislodged']}","[{'sender': 'AUSTRIA', 'recipient': 'ENGLAND', 'time_sent': 1654111813898214, 'phase': 'S1906M', 'message': 'XDO (F ENG - MAO)'}, {'sender': 'AUSTRIA', 'recipient': 'FRANCE', 'time_sent': 1654111814179145, 'phase': 'S1906M', 'message': 'XDO (A BEL - HOL)'}, {'sender': 'AUSTRIA', 'recipient': 'GERMANY', 'time_sent': 1654111814456350, 'phase': 'S1906M', 'message': 'XDO (A KIE - DEN)'}, {'sender': 'AUSTRIA', 'recipient': 'ITALY', 'time_sent': 1654111814739201, 'phase': 'S1906M', 'message': 'ORR (XDO (A TYR S A VEN - TRI)) (XDO (F EAS S F SMY))'}, {'sender': 'AUSTRIA', 'recipient': 'RUSSIA', 'time_sent': 1654111815020145, 'phase': 'S1906M', 'message': 'ORR (XDO (A STP - NWY)) (XDO (A SIL - MUN))'}, {'sender': 'AUSTRIA', 'recipient': 'TURKEY', 'time_sent': 1654111815298578, 'phase': 'S1906M', 'message': 'XDO (A ANK - CON)'}, {'sender': 'ENGLAND', 'recipient': 'AUSTRIA', 'time_sent': 1654111815299259, 'phase': 'S1906M', 'message': 'YES (XDO (F ENG - MAO))'}, {'sender': 'FRANCE', 'recipient': 'AUSTRIA', 'time_sent': 1654111815299531, 'phase': 'S1906M', 'message': 'YES (XDO (A BEL - HOL))'}, {'sender': 'GERMANY', 'recipient': 'AUSTRIA', 'time_sent': 1654111815299818, 'phase': 'S1906M', 'message': 'YES (XDO (A KIE - DEN))'}]"
F1906M,"{'timestamp': 1654111818202265, 'zobrist_hash': '2887577070851781697', 'note': '', 'name': 'F1906M', 'units': {'AUSTRIA': ['A TRI', 'F GRE', 'A VIE', 'A MOS', 'A ARM', 'A BUD', 'A LVN', 'A ANK', 'A BOH'], 'ENGLAND': ['F ENG', 'F DEN', 'A YOR'], 'FRANCE': ['F MAO', 'A BRE', 'A HOL'], 'GERMANY': ['F SWE', 'A MUN', 'A KIE'], 'ITALY': ['A VEN', 'A TYR', 'F TUN', 'F SMY', 'F EAS'], 'RUSSIA': ['A SIL', 'A STP'], 'TURKEY': []}, 'retreats': {'AUSTRIA': {}, 'ENGLAND': {}, 'FRANCE': {}, 'GERMANY': {}, 'ITALY': {}, 'RUSSIA': {}, 'TURKEY': {}}, 'centers': {'AUSTRIA': ['BUD', 'TRI', 'VIE', 'GRE', 'SER', 'BUL', 'RUM', 'SEV', 'WAR', 'MOS', 'CON'], 'ENGLAND': ['EDI', 'LON', 'LVP', 'DEN'], 'FRANCE': ['BRE', 'MAR', 'PAR', 'SPA', 'POR', 'BEL'], 'GERMANY': ['BER', 'KIE', 'MUN', 'HOL', 'SWE'], 'ITALY': ['NAP', 'ROM', 'VEN', 'TUN', 'SMY'], 'RUSSIA': ['STP', 'NWY'], 'TURKEY': ['ANK']}, 'homes': {'AUSTRIA': ['BUD', 'TRI', 'VIE'], 'ENGLAND': ['EDI', 'LON', 'LVP'], 'FRANCE': ['BRE', 'MAR', 'PAR'], 'GERMANY': ['BER', 'KIE', 'MUN'], 'ITALY': ['NAP', 'ROM', 'VEN'], 'RUSSIA': ['MOS', 'SEV', 'STP', 'WAR'], 'TURKEY': ['ANK', 'CON', 'SMY']}, 'influence': {'AUSTRIA': ['BUD', 'VIE', 'SER', 'ALB', 'TRI', 'GRE', 'BUL', 'RUM', 'SEV', 'UKR', 'WAR', 'MOS', 'CON', 'GAL', 'ARM', 'LVN', 'ANK', 'BOH'], 'ENGLAND': ['EDI', 'LVP', 'LON', 'NTH', 'ENG', 'DEN', 'YOR'], 'FRANCE': ['MAR', 'PAR', 'SPA', 'BUR', 'MAO', 'POR', 'BEL', 'BRE', 'HOL'], 'GERMANY': ['BER', 'RUH', 'SWE', 'MUN', 'KIE'], 'ITALY': ['NAP', 'ROM', 'VEN', 'TYR', 'TUN', 'SMY', 'ION', 'EAS'], 'RUSSIA': ['BLA', 'NWY', 'SIL', 'FIN', 'STP'], 'TURKEY': ['SYR']}, 'civil_disorder': {'AUSTRIA': 0, 'ENGLAND': 0, 'FRANCE': 0, 'GERMANY': 0, 'ITALY': 0, 'RUSSIA': 0, 'TURKEY': 0}, 'builds': {'AUSTRIA': {'count': 0, 'homes': []}, 'ENGLAND': {'count': 0, 'homes': []}, 'FRANCE': {'count': 0, 'homes': []}, 'GERMANY': {'count': 0, 'homes': []}, 'ITALY': {'count': 0, 'homes': []}, 'RUSSIA': {'count': 0, 'homes': []}, 'TURKEY': {'count': 0, 'homes': []}}, 'game_id': '-4X5pmi2579WeRaH', 'map': 'standard', 'rules': ['POWER_CHOICE']}","{'AUSTRIA': ['A LVN - STP', 'A MOS S A LVN - STP', 'A BOH S A VIE - TYR', 'A VIE - TYR', 'A TRI S A VIE - TYR', 'A ARM - SMY', 'F GRE - ION', 'A BUD - GAL', 'A ANK S A ARM - SMY'], 'ENGLAND': ['A YOR H'], 'FRANCE': [], 'GERMANY': ['A MUN - BER'], 'ITALY': ['A VEN - TRI', 'F TUN - ION', 'A TYR S A VEN - TRI', 'F EAS S F SMY', 'F SMY H'], 'RUSSIA': ['A SIL S A LVN - PRU', 'A STP S A MOS - LVN'], 'TURKEY': []}","{'A TRI': ['cut'], 'F GRE': ['bounce'], 'A VIE': [], 'A MOS': [], 'A ARM': ['bounce'], 'A BUD': [], 'A LVN': [], 'A ANK': [], 'A BOH': [], 'F ENG': [], 'F DEN': [], 'A YOR': [], 'F MAO': [], 'A BRE': [], 'A HOL': [], 'F SWE': [], 'A MUN': [], 'A KIE': [], 'A VEN': ['bounce'], 'A TYR': ['cut', 'dislodged'], 'F TUN': ['bounce'], 'F SMY': [], 'F EAS': [], 'A SIL': ['void'], 'A STP': ['void', 'dislodged']}","[{'sender': 'AUSTRIA', 'recipient': 'ENGLAND', 'time_sent': 1654111816503045, 'phase': 'F1906M', 'message': 'XDO (A YOR H)'}, {'sender': 'AUSTRIA', 'recipient': 'FRANCE', 'time_sent': 1654111816782278, 'phase': 'F1906M', 'message': 'XDO (A HOL - KIE)'}, {'sender': 'AUSTRIA', 'recipient': 'GERMANY', 'time_sent': 1654111817063955, 'phase': 'F1906M', 'message': 'XDO (A MUN - BER)'}, {'sender': 'AUSTRIA', 'recipient': 'ITALY', 'time_sent': 1654111817341192, 'phase': 'F1906M', 'message': 'ORR (XDO (F EAS S F SMY)) (XDO (F SMY H))'}, {'sender': 'AUSTRIA', 'recipient': 'RUSSIA', 'time_sent': 1654111817621255, 'phase': 'F1906M', 'message': 'XDO (A SIL - MUN)'}, {'sender': 'ENGLAND', 'recipient': 'AUSTRIA', 'time_sent': 1654111817631441, 'phase': 'F1906M', 'message': 'YES (XDO (A YOR H))'}, {'sender': 'FRANCE', 'recipient': 'AUSTRIA', 'time_sent': 1654111817631699, 'phase': 'F1906M', 'message': 'YES (XDO (A HOL - KIE))'}, {'sender': 'GERMANY', 'recipient': 'AUSTRIA', 'time_sent': 1654111817631919, 'phase': 'F1906M', 'message': 'YES (XDO (A MUN - BER))'}]"
F1906R,"{'timestamp': 1654111818804125, 'zobrist_hash': '8146285190393611091', 'note': '', 'name': 'F1906R', 'units': {'AUSTRIA': ['A TRI', 'F GRE', 'A MOS', 'A ARM', 'A ANK', 'A BOH', 'A TYR', 'A GAL', 'A STP'], 'ENGLAND': ['F ENG', 'F DEN', 'A YOR'], 'FRANCE': ['F MAO', 'A BRE', 'A HOL'], 'GERMANY': ['F SWE', 'A KIE', 'A BER'], 'ITALY': ['A VEN', 'F TUN', 'F SMY', 'F EAS', '*A TYR'], 'RUSSIA': ['A SIL', '*A STP'], 'TURKEY': []}, 'retreats': {'AUSTRIA': {}, 'ENGLAND': {}, 'FRANCE': {}, 'GERMANY': {}, 'ITALY': {'A TYR': ['MUN', 'PIE']}, 'RUSSIA': {'A STP': ['FIN', 'NWY']}, 'TURKEY': {}}, 'centers': {'AUSTRIA': ['BUD', 'TRI', 'VIE', 'GRE', 'SER', 'BUL', 'RUM', 'SEV', 'WAR', 'MOS', 'CON'], 'ENGLAND': ['EDI', 'LON', 'LVP', 'DEN'], 'FRANCE': ['BRE', 'MAR', 'PAR', 'SPA', 'POR', 'BEL'], 'GERMANY': ['BER', 'KIE', 'MUN', 'HOL', 'SWE'], 'ITALY': ['NAP', 'ROM', 'VEN', 'TUN', 'SMY'], 'RUSSIA': ['STP', 'NWY'], 'TURKEY': ['ANK']}, 'homes': {'AUSTRIA': ['BUD', 'TRI', 'VIE'], 'ENGLAND': ['EDI', 'LON', 'LVP'], 'FRANCE': ['BRE', 'MAR', 'PAR'], 'GERMANY': ['BER', 'KIE', 'MUN'], 'ITALY': ['NAP', 'ROM', 'VEN'], 'RUSSIA': ['MOS', 'SEV', 'STP', 'WAR'], 'TURKEY': ['ANK', 'CON', 'SMY']}, 'influence': {'AUSTRIA': ['BUD', 'VIE', 'SER', 'ALB', 'TRI', 'GRE', 'BUL', 'RUM', 'SEV', 'UKR', 'WAR', 'MOS', 'CON', 'ARM', 'LVN', 'ANK', 'BOH', 'TYR', 'GAL', 'STP'], 'ENGLAND': ['EDI', 'LVP', 'LON', 'NTH', 'ENG', 'DEN', 'YOR'], 'FRANCE': ['MAR', 'PAR', 'SPA', 'BUR', 'MAO', 'POR', 'BEL', 'BRE', 'HOL'], 'GERMANY': ['RUH', 'SWE', 'MUN', 'KIE', 'BER'], 'ITALY': ['NAP', 'ROM', 'VEN', 'TUN', 'SMY', 'ION', 'EAS'], 'RUSSIA': ['BLA', 'NWY', 'SIL', 'FIN'], 'TURKEY': ['SYR']}, 'civil_disorder': {'AUSTRIA': 0, 'ENGLAND': 0, 'FRANCE': 0, 'GERMANY': 0, 'ITALY': 0, 'RUSSIA': 0, 'TURKEY': 0}, 'builds': {'AUSTRIA': {'count': 0, 'homes': []}, 'ENGLAND': {'count': 0, 'homes': []}, 'FRANCE': {'count': 0, 'homes': []}, 'GERMANY': {'count': 0, 'homes': []}, 'ITALY': {'count': 0, 'homes': []}, 'RUSSIA': {'count': 0, 'homes': []}, 'TURKEY': {'count': 0, 'homes': []}}, 'game_id': '-4X5pmi2579WeRaH', 'map': 'standard', 'rules': ['POWER_CHOICE']}","{'AUSTRIA': [], 'ENGLAND': [], 'FRANCE': [], 'GERMANY': [], 'ITALY': ['A TYR R PIE'], 'RUSSIA': ['A STP R NWY'], 'TURKEY': []}","{'A TYR': [], 'A STP': [], 'A YOR': ['void'], 'A MUN': ['void'], 'F NAP': ['void'], 'A ROM': ['void'], 'A VEN': ['void'], 'F ION': ['void'], 'F TUN': ['void'], 'F EAS': ['void'], 'F SMY': ['void']}",[]
W1906A,"{'timestamp': 1654111819404845, 'zobrist_hash': '6039127642617104495', 'note': '', 'name': 'W1906A', 'units': {'AUSTRIA': ['A TRI', 'F GRE', 'A MOS', 'A ARM', 'A ANK', 'A BOH', 'A TYR', 'A GAL', 'A STP'], 'ENGLAND': ['F ENG', 'F DEN', 'A YOR'], 'FRANCE': ['F MAO', 'A BRE', 'A HOL'], 'GERMANY': ['F SWE', 'A KIE', 'A BER'], 'ITALY': ['A VEN', 'F TUN', 'F SMY', 'F EAS', 'A PIE'], 'RUSSIA': ['A SIL', 'A NWY'], 'TURKEY': []}, 'retreats': {'AUSTRIA': {}, 'ENGLAND': {}, 'FRANCE': {}, 'GERMANY': {}, 'ITALY': {}, 'RUSSIA': {}, 'TURKEY': {}}, 'centers': {'AUSTRIA': ['BUD', 'TRI', 'VIE', 'GRE', 'SER', 'BUL', 'RUM', 'SEV', 'WAR', 'MOS', 'CON', 'STP', 'ANK'], 'ENGLAND': ['EDI', 'LON', 'LVP', 'DEN'], 'FRANCE': ['BRE', 'MAR', 'PAR', 'SPA', 'POR', 'BEL', 'HOL'], 'GERMANY': ['BER', 'KIE', 'MUN', 'SWE'], 'ITALY': ['NAP', 'ROM', 'VEN', 'TUN', 'SMY'], 'RUSSIA': ['NWY'], 'TURKEY': []}, 'homes': {'AUSTRIA': ['BUD', 'TRI', 'VIE'], 'ENGLAND': ['EDI', 'LON', 'LVP'], 'FRANCE': ['BRE', 'MAR', 'PAR'], 'GERMANY': ['BER', 'KIE', 'MUN'], 'ITALY': ['NAP', 'ROM', 'VEN'], 'RUSSIA': ['MOS', 'SEV', 'STP', 'WAR'], 'TURKEY': ['ANK', 'CON', 'SMY']}, 'influence': {'AUSTRIA': ['BUD', 'VIE', 'SER', 'ALB', 'TRI', 'GRE', 'BUL', 'RUM', 'SEV', 'UKR', 'WAR', 'MOS', 'CON', 'ARM', 'LVN', 'ANK', 'BOH', 'TYR', 'GAL', 'STP'], 'ENGLAND': ['EDI', 'LVP', 'LON', 'NTH', 'ENG', 'DEN', 'YOR'], 'FRANCE': ['MAR', 'PAR', 'SPA', 'BUR', 'MAO', 'POR', 'BEL', 'BRE', 'HOL'], 'GERMANY': ['RUH', 'SWE', 'MUN', 'KIE', 'BER'], 'ITALY': ['NAP', 'ROM', 'VEN', 'TUN', 'SMY', 'ION', 'EAS', 'PIE'], 'RUSSIA': ['BLA', 'SIL', 'FIN', 'NWY'], 'TURKEY': ['SYR']}, 'civil_disorder': {'AUSTRIA': 0, 'ENGLAND': 0, 'FRANCE': 0, 'GERMANY': 0, 'ITALY': 0, 'RUSSIA': 0, 'TURKEY': 0}, 'builds': {'AUSTRIA': {'count': 2, 'homes': ['BUD', 'VIE']}, 'ENGLAND': {'count': 1, 'homes': ['EDI', 'LON', 'LVP']}, 'FRANCE': {'count': 2, 'homes': ['MAR', 'PAR']}, 'GERMANY': {'count': 1, 'homes': ['MUN']}, 'ITALY': {'count': 0, 'homes': []}, 'RUSSIA': {'count': -1, 'homes': []}, 'TURKEY': {'count': 0, 'homes': []}}, 'game_id': '-4X5pmi2579WeRaH', 'map': 'standard', 'rules': ['POWER_CHOICE']}","{'AUSTRIA': ['A VIE B', 'A BUD B'], 'ENGLAND': [], 'FRANCE': [], 'GERMANY': [], 'ITALY': [], 'RUSSIA': ['A NWY D', 'A SIL D'], 'TURKEY': []}","{'A VIE': [''], 'A BUD': [''], 'A YOR': ['void'], 'A MUN': ['void'], 'F NAP': ['void'], 'A ROM': ['void'], 'A VEN': ['void'], 'F ION': ['void'], 'F TUN': ['void'], 'A TYR': ['void'], 'F EAS': ['void'], 'F SMY': ['void'], 'A NWY': [''], 'A SIL': ['void']}",[]
S1907M,"{'timestamp': 1654111821689356, 'zobrist_hash': '361651639587639492', 'note': '', 'name': 'S1907M', 'units': {'AUSTRIA': ['A TRI', 'F GRE', 'A MOS', 'A ARM', 'A ANK', 'A BOH', 'A TYR', 'A GAL', 'A STP', 'A VIE', 'A BUD'], 'ENGLAND': ['F ENG', 'F DEN', 'A YOR'], 'FRANCE': ['F MAO', 'A BRE', 'A HOL'], 'GERMANY': ['F SWE', 'A KIE', 'A BER'], 'ITALY': ['A VEN', 'F TUN', 'F SMY', 'F EAS', 'A PIE'], 'RUSSIA': ['A SIL'], 'TURKEY': []}, 'retreats': {'AUSTRIA': {}, 'ENGLAND': {}, 'FRANCE': {}, 'GERMANY': {}, 'ITALY': {}, 'RUSSIA': {}, 'TURKEY': {}}, 'centers': {'AUSTRIA': ['BUD', 'TRI', 'VIE', 'GRE', 'SER', 'BUL', 'RUM', 'SEV', 'WAR', 'MOS', 'CON', 'STP', 'ANK'], 'ENGLAND': ['EDI', 'LON', 'LVP', 'DEN'], 'FRANCE': ['BRE', 'MAR', 'PAR', 'SPA', 'POR', 'BEL', 'HOL'], 'GERMANY': ['BER', 'KIE', 'MUN', 'SWE'], 'ITALY': ['NAP', 'ROM', 'VEN', 'TUN', 'SMY'], 'RUSSIA': ['NWY'], 'TURKEY': []}, 'homes': {'AUSTRIA': ['BUD', 'TRI', 'VIE'], 'ENGLAND': ['EDI', 'LON', 'LVP'], 'FRANCE': ['BRE', 'MAR', 'PAR'], 'GERMANY': ['BER', 'KIE', 'MUN'], 'ITALY': ['NAP', 'ROM', 'VEN'], 'RUSSIA': ['MOS', 'SEV', 'STP', 'WAR'], 'TURKEY': ['ANK', 'CON', 'SMY']}, 'influence': {'AUSTRIA': ['BUD', 'VIE', 'SER', 'ALB', 'TRI', 'GRE', 'BUL', 'RUM', 'SEV', 'UKR', 'WAR', 'MOS', 'CON', 'ARM', 'LVN', 'ANK', 'BOH', 'TYR', 'GAL', 'STP'], 'ENGLAND': ['EDI', 'LVP', 'LON', 'NTH', 'ENG', 'DEN', 'YOR'], 'FRANCE': ['MAR', 'PAR', 'SPA', 'BUR', 'MAO', 'POR', 'BEL', 'BRE', 'HOL'], 'GERMANY': ['RUH', 'SWE', 'MUN', 'KIE', 'BER'], 'ITALY': ['NAP', 'ROM', 'VEN', 'TUN', 'SMY', 'ION', 'EAS', 'PIE'], 'RUSSIA': ['BLA', 'SIL', 'FIN', 'NWY'], 'TURKEY': ['SYR']}, 'civil_disorder': {'AUSTRIA': 0, 'ENGLAND': 0, 'FRANCE': 0, 'GERMANY': 0, 'ITALY': 0, 'RUSSIA': 0, 'TURKEY': 0}, 'builds': {'AUSTRIA': {'count': 0, 'homes': []}, 'ENGLAND': {'count': 0, 'homes': []}, 'FRANCE': {'count': 0, 'homes': []}, 'GERMANY': {'count': 0, 'homes': []}, 'ITALY': {'count': 0, 'homes': []}, 'RUSSIA': {'count': 0, 'homes': []}, 'TURKEY': {'count': 0, 'homes': []}}, 'game_id': '-4X5pmi2579WeRaH', 'map': 'standard', 'rules': ['POWER_CHOICE']}","{'AUSTRIA': ['A STP - FIN', 'A MOS - STP', 'A BOH - MUN', 'A TYR - VEN', 'A GAL - WAR', 'A VIE - TYR', 'A TRI S A TYR - VEN', 'A ARM - SMY', 'F GRE - ION', 'A BUD - SER', 'A ANK S A ARM - SMY'], 'ENGLAND': ['F DEN - NTH'], 'FRANCE': [], 'GERMANY': ['A KIE - DEN', 'F SWE S A KIE - DEN'], 'ITALY': ['A VEN S A PIE', 'F TUN - ION', 'F EAS S F SMY', 'F SMY H', 'A PIE S A VEN'], 'RUSSIA': ['A SIL S A KIE - BER'], 'TURKEY': []}","{'A TRI': [], 'F GRE': ['bounce'], 'A MOS': [], 'A ARM': ['bounce'], 'A ANK': [], 'A BOH': [], 'A TYR': ['bounce'], 'A GAL': [], 'A STP': [], 'A VIE': ['bounce'], 'A BUD': [], 'F ENG': [], 'F DEN': [], 'A YOR': [], 'F MAO': [], 'A BRE': [], 'A HOL': [], 'F SWE': [], 'A KIE': [], 'A BER': [], 'A VEN': ['cut'], 'F TUN': ['bounce'], 'F SMY': [], 'F EAS': [], 'A PIE': [], 'A SIL': ['void']}","[{'sender': 'AUSTRIA', 'recipient': 'ENGLAND', 'time_sent': 1654111820005639, 'phase': 'S1907M', 'message': 'ORR (XDO (F ENG - MAO)) (XDO (F DEN - NTH))'}, {'sender': 'AUSTRIA', 'recipient': 'GERMANY', 'time_sent': 1654111820564336, 'phase': 'S1907M', 'message': 'ORR (XDO (A KIE - DEN)) (XDO (F SWE S A KIE - DEN))'}, {'sender': 'AUSTRIA', 'recipient': 'ITALY', 'time_sent': 1654111820841510, 'phase': 'S1907M', 'message': 'ORR (XDO (F TUN - ION)) (XDO (A PIE S A VEN))'}, {'sender': 'AUSTRIA', 'recipient': 'RUSSIA', 'time_sent': 1654111821119137, 'phase': 'S1907M', 'message': 'XDO (A SIL - WAR)'}, {'sender': 'ENGLAND', 'recipient': 'AUSTRIA', 'time_sent': 1654111821119440, 'phase': 'S1907M', 'message': 'YES (ORR (XDO (F ENG - MAO)) (XDO (F DEN - NTH)))'}, {'sender': 'GERMANY', 'recipient': 'AUSTRIA', 'time_sent': 1654111821119713, 'phase': 'S1907M', 'message': 'YES (ORR (XDO (A KIE - DEN)) (XDO (F SWE S A KIE - DEN)))'}]"
F1907M,"{'timestamp': 1654111824014378, 'zobrist_hash': '7542886157882136078', 'note': '', 'name': 'F1907M', 'units': {'AUSTRIA': ['A TRI', 'F GRE', 'A ARM', 'A ANK', 'A TYR', 'A VIE', 'A STP', 'A MUN', 'A WAR', 'A FIN', 'A SER'], 'ENGLAND': ['F ENG', 'A YOR', 'F NTH'], 'FRANCE': ['F MAO', 'A BRE', 'A HOL'], 'GERMANY': ['F SWE', 'A BER', 'A DEN'], 'ITALY': ['A VEN', 'F TUN', 'F SMY', 'F EAS', 'A PIE'], 'RUSSIA': ['A SIL'], 'TURKEY': []}, 'retreats': {'AUSTRIA': {}, 'ENGLAND': {}, 'FRANCE': {}, 'GERMANY': {}, 'ITALY': {}, 'RUSSIA': {}, 'TURKEY': {}}, 'centers': {'AUSTRIA': ['BUD', 'TRI', 'VIE', 'GRE', 'SER', 'BUL', 'RUM', 'SEV', 'WAR', 'MOS', 'CON', 'STP', 'ANK'], 'ENGLAND': ['EDI', 'LON', 'LVP', 'DEN'], 'FRANCE': ['BRE', 'MAR', 'PAR', 'SPA', 'POR', 'BEL', 'HOL'], 'GERMANY': ['BER', 'KIE', 'MUN', 'SWE'], 'ITALY': ['NAP', 'ROM', 'VEN', 'TUN', 'SMY'], 'RUSSIA': ['NWY'], 'TURKEY': []}, 'homes': {'AUSTRIA': ['BUD', 'TRI', 'VIE'], 'ENGLAND': ['EDI', 'LON', 'LVP'], 'FRANCE': ['BRE', 'MAR', 'PAR'], 'GERMANY': ['BER', 'KIE', 'MUN'], 'ITALY': ['NAP', 'ROM', 'VEN'], 'RUSSIA': ['MOS', 'SEV', 'STP', 'WAR'], 'TURKEY': ['ANK', 'CON', 'SMY']}, 'influence': {'AUSTRIA': ['BUD', 'VIE', 'ALB', 'TRI', 'GRE', 'BUL', 'RUM', 'SEV', 'UKR', 'MOS', 'CON', 'ARM', 'LVN', 'ANK', 'BOH', 'TYR', 'GAL', 'STP', 'MUN', 'WAR', 'FIN', 'SER'], 'ENGLAND': ['EDI', 'LVP', 'LON', 'ENG', 'YOR', 'NTH'], 'FRANCE': ['MAR', 'PAR', 'SPA', 'BUR', 'MAO', 'POR', 'BEL', 'BRE', 'HOL'], 'GERMANY': ['RUH', 'SWE', 'KIE', 'BER', 'DEN'], 'ITALY': ['NAP', 'ROM', 'VEN', 'TUN', 'SMY', 'ION', 'EAS', 'PIE'], 'RUSSIA': ['BLA', 'SIL', 'NWY'], 'TURKEY': ['SYR']}, 'civil_disorder': {'AUSTRIA': 0, 'ENGLAND': 0, 'FRANCE': 0, 'GERMANY': 0, 'ITALY': 0, 'RUSSIA': 0, 'TURKEY': 0}, 'builds': {'AUSTRIA': {'count': 0, 'homes': []}, 'ENGLAND': {'count': 0, 'homes': []}, 'FRANCE': {'count': 0, 'homes': []}, 'GERMANY': {'count': 0, 'homes': []}, 'ITALY': {'count': 0, 'homes': []}, 'RUSSIA': {'count': 0, 'homes': []}, 'TURKEY': {'count': 0, 'homes': []}}, 'game_id': '-4X5pmi2579WeRaH', 'map': 'standard', 'rules': ['POWER_CHOICE']}","{'AUSTRIA': ['A FIN S A STP - NWY', 'A STP - NWY', 'A MUN - KIE', 'A TYR S A TRI - VEN', 'A WAR - SIL', 'A VIE - BOH', 'A TRI - VEN', 'A ARM - SMY', 'F GRE - ION', 'A SER - BUL', 'A ANK S A ARM - SMY'], 'ENGLAND': ['A YOR - BEL VIA'], 'FRANCE': ['A HOL - KIE'], 'GERMANY': ['A DEN S F SWE', 'F SWE - NWY'], 'ITALY': ['A VEN S A PIE', 'F TUN - ION', 'F EAS S F SMY', 'F SMY H', 'A PIE S A VEN'], 'RUSSIA': ['A SIL S A MUN - BOH'], 'TURKEY': []}","{'A TRI': ['bounce'], 'F GRE': ['bounce'], 'A ARM': ['bounce'], 'A ANK': [], 'A TYR': [], 'A VIE': [], 'A STP': [], 'A MUN': ['bounce'], 'A WAR': ['bounce'], 'A FIN': [], 'A SER': [], 'F ENG': [], 'A YOR': ['no convoy'], 'F NTH': [], 'F MAO': [], 'A BRE': [], 'A HOL': ['bounce'], 'F SWE': ['bounce'], 'A BER': [], 'A DEN': ['void'], 'A VEN': ['cut'], 'F TUN': ['bounce'], 'F SMY': [], 'F EAS': [], 'A PIE': [], 'A SIL': ['void']}","[{'sender': 'AUSTRIA', 'recipient': 'ENGLAND', 'time_sent': 1654111822308024, 'phase': 'F1907M', 'message': 'XDO (A YOR - BEL VIA)'}, {'sender': 'AUSTRIA', 'recipient': 'FRANCE', 'time_sent': 1654111822589736, 'phase': 'F1907M', 'message': 'ORR (XDO (A HOL - KIE)) (XDO (F MAO - ENG))'}, {'sender': 'AUSTRIA', 'recipient': 'GERMANY', 'time_sent': 1654111822872288, 'phase': 'F1907M', 'message': 'ORR (XDO (A DEN S F SWE)) (XDO (F SWE - NWY))'}, {'sender': 'AUSTRIA', 'recipient': 'ITALY', 'time_sent': 1654111823153870, 'phase': 'F1907M', 'message': 'ORR (XDO (F TUN - ION)) (XDO (F EAS S F SMY)) (XDO (F SMY H))'}, {'sender': 'AUSTRIA', 'recipient': 'RUSSIA', 'time_sent': 1654111823435049, 'phase': 'F1907M', 'message': 'XDO (A SIL - BER)'}, {'sender': 'ENGLAND', 'recipient': 'AUSTRIA', 'time_sent': 1654111823435443, 'phase': 'F1907M', 'message': 'YES (XDO (A YOR - BEL VIA))'}, {'sender': 'FRANCE', 'recipient': 'AUSTRIA', 'time_sent': 1654111823435678, 'phase': 'F1907M', 'message': 'YES (ORR (XDO (A HOL - KIE)) (XDO (F MAO - ENG)))'}, {'sender': 'GERMANY', 'recipient': 'AUSTRIA', 'time_sent': 1654111823435894, 'phase': 'F1907M', 'message': 'YES (ORR (XDO (A DEN S F SWE)) (XDO (F SWE - NWY)))'}]"
W1907A,"{'timestamp': 1654111824610476, 'zobrist_hash': '1365424925797020375', 'note': '', 'name': 'W1907A', 'units': {'AUSTRIA': ['A TRI', 'F GRE', 'A ARM', 'A ANK', 'A TYR', 'A MUN', 'A WAR', 'A FIN', 'A BOH', 'A NWY', 'A BUL'], 'ENGLAND': ['F ENG', 'A YOR', 'F NTH'], 'FRANCE': ['F MAO', 'A BRE', 'A HOL'], 'GERMANY': ['F SWE', 'A BER', 'A DEN'], 'ITALY': ['A VEN', 'F TUN', 'F SMY', 'F EAS', 'A PIE'], 'RUSSIA': ['A SIL'], 'TURKEY': []}, 'retreats': {'AUSTRIA': {}, 'ENGLAND': {}, 'FRANCE': {}, 'GERMANY': {}, 'ITALY': {}, 'RUSSIA': {}, 'TURKEY': {}}, 'centers': {'AUSTRIA': ['BUD', 'TRI', 'VIE', 'GRE', 'SER', 'BUL', 'RUM', 'SEV', 'WAR', 'MOS', 'CON', 'STP', 'ANK', 'MUN', 'NWY'], 'ENGLAND': ['EDI', 'LON', 'LVP'], 'FRANCE': ['BRE', 'MAR', 'PAR', 'SPA', 'POR', 'BEL', 'HOL'], 'GERMANY': ['BER', 'KIE', 'SWE', 'DEN'], 'ITALY': ['NAP', 'ROM', 'VEN', 'TUN', 'SMY'], 'RUSSIA': [], 'TURKEY': []}, 'homes': {'AUSTRIA': ['BUD', 'TRI', 'VIE'], 'ENGLAND': ['EDI', 'LON', 'LVP'], 'FRANCE': ['BRE', 'MAR', 'PAR'], 'GERMANY': ['BER', 'KIE', 'MUN'], 'ITALY': ['NAP', 'ROM', 'VEN'], 'RUSSIA': ['MOS', 'SEV', 'STP', 'WAR'], 'TURKEY': ['ANK', 'CON', 'SMY']}, 'influence': {'AUSTRIA': ['BUD', 'VIE', 'ALB', 'TRI', 'GRE', 'RUM', 'SEV', 'UKR', 'MOS', 'CON', 'ARM', 'LVN', 'ANK', 'TYR', 'GAL', 'STP', 'MUN', 'WAR', 'FIN', 'SER', 'BOH', 'NWY', 'BUL'], 'ENGLAND': ['EDI', 'LVP', 'LON', 'ENG', 'YOR', 'NTH'], 'FRANCE': ['MAR', 'PAR', 'SPA', 'BUR', 'MAO', 'POR', 'BEL', 'BRE', 'HOL'], 'GERMANY': ['RUH', 'SWE', 'KIE', 'BER', 'DEN'], 'ITALY': ['NAP', 'ROM', 'VEN', 'TUN', 'SMY', 'ION', 'EAS', 'PIE'], 'RUSSIA': ['BLA', 'SIL'], 'TURKEY': ['SYR']}, 'civil_disorder': {'AUSTRIA': 0, 'ENGLAND': 0, 'FRANCE': 0, 'GERMANY': 0, 'ITALY': 0, 'RUSSIA': 0, 'TURKEY': 0}, 'builds': {'AUSTRIA': {'count': 2, 'homes': ['BUD', 'VIE']}, 'ENGLAND': {'count': 0, 'homes': []}, 'FRANCE': {'count': 2, 'homes': ['MAR', 'PAR']}, 'GERMANY': {'count': 1, 'homes': ['KIE']}, 'ITALY': {'count': 0, 'homes': []}, 'RUSSIA': {'count': -1, 'homes': []}, 'TURKEY': {'count': 0, 'homes': []}}, 'game_id': '-4X5pmi2579WeRaH', 'map': 'standard', 'rules': ['POWER_CHOICE']}","{'AUSTRIA': ['A VIE B', 'A BUD B'], 'ENGLAND': [], 'FRANCE': [], 'GERMANY': [], 'ITALY': [], 'RUSSIA': ['A SIL D'], 'TURKEY': []}","{'A VIE': [''], 'A BUD': [''], 'A YOR': ['void'], 'A HOL': ['void'], 'WAIVE': ['void'], 'A DEN': ['void'], 'F SWE': ['void'], 'F NAP': ['void'], 'A ROM': ['void'], 'A VEN': ['void'], 'F ION': ['void'], 'F TUN': ['void'], 'A TYR': ['void'], 'F EAS': ['void'], 'F SMY': ['void'], 'A PIE': ['void'], 'A SIL': ['']}",[]
S1908M,"{'timestamp': 1654111826646674, 'zobrist_hash': '8309633448860251444', 'note': '', 'name': 'S1908M', 'units': {'AUSTRIA': ['A TRI', 'F GRE', 'A ARM', 'A ANK', 'A TYR', 'A MUN', 'A WAR', 'A FIN', 'A BOH', 'A NWY', 'A BUL', 'A VIE', 'A BUD'], 'ENGLAND': ['F ENG', 'A YOR', 'F NTH'], 'FRANCE': ['F MAO', 'A BRE', 'A HOL'], 'GERMANY': ['F SWE', 'A BER', 'A DEN'], 'ITALY': ['A VEN', 'F TUN', 'F SMY', 'F EAS', 'A PIE'], 'RUSSIA': [], 'TURKEY': []}, 'retreats': {'AUSTRIA': {}, 'ENGLAND': {}, 'FRANCE': {}, 'GERMANY': {}, 'ITALY': {}, 'RUSSIA': {}, 'TURKEY': {}}, 'centers': {'AUSTRIA': ['BUD', 'TRI', 'VIE', 'GRE', 'SER', 'BUL', 'RUM', 'SEV', 'WAR', 'MOS', 'CON', 'STP', 'ANK', 'MUN', 'NWY'], 'ENGLAND': ['EDI', 'LON', 'LVP'], 'FRANCE': ['BRE', 'MAR', 'PAR', 'SPA', 'POR', 'BEL', 'HOL'], 'GERMANY': ['BER', 'KIE', 'SWE', 'DEN'], 'ITALY': ['NAP', 'ROM', 'VEN', 'TUN', 'SMY'], 'RUSSIA': [], 'TURKEY': []}, 'homes': {'AUSTRIA': ['BUD', 'TRI', 'VIE'], 'ENGLAND': ['EDI', 'LON', 'LVP'], 'FRANCE': ['BRE', 'MAR', 'PAR'], 'GERMANY': ['BER', 'KIE', 'MUN'], 'ITALY': ['NAP', 'ROM', 'VEN'], 'RUSSIA': ['MOS', 'SEV', 'STP', 'WAR'], 'TURKEY': ['ANK', 'CON', 'SMY']}, 'influence': {'AUSTRIA': ['BUD', 'VIE', 'ALB', 'TRI', 'GRE', 'RUM', 'SEV', 'UKR', 'MOS', 'CON', 'ARM', 'LVN', 'ANK', 'TYR', 'GAL', 'STP', 'MUN', 'WAR', 'FIN', 'SER', 'BOH', 'NWY', 'BUL'], 'ENGLAND': ['EDI', 'LVP', 'LON', 'ENG', 'YOR', 'NTH'], 'FRANCE': ['MAR', 'PAR', 'SPA', 'BUR', 'MAO', 'POR', 'BEL', 'BRE', 'HOL'], 'GERMANY': ['RUH', 'SWE', 'KIE', 'BER', 'DEN'], 'ITALY': ['NAP', 'ROM', 'VEN', 'TUN', 'SMY', 'ION', 'EAS', 'PIE'], 'RUSSIA': ['BLA', 'SIL'], 'TURKEY': ['SYR']}, 'civil_disorder': {'AUSTRIA': 0, 'ENGLAND': 0, 'FRANCE': 0, 'GERMANY': 0, 'ITALY': 0, 'RUSSIA': 0, 'TURKEY': 0}, 'builds': {'AUSTRIA': {'count': 0, 'homes': []}, 'ENGLAND': {'count': 0, 'homes': []}, 'FRANCE': {'count': 0, 'homes': []}, 'GERMANY': {'count': 0, 'homes': []}, 'ITALY': {'count': 0, 'homes': []}, 'RUSSIA': {'count': 0, 'homes': []}, 'TURKEY': {'count': 0, 'homes': []}}, 'game_id': '-4X5pmi2579WeRaH', 'map': 'standard', 'rules': ['POWER_CHOICE']}","{'AUSTRIA': ['A NWY S A FIN - SWE', 'A FIN - SWE', 'A MUN - BUR', 'A BOH - SIL', 'A TYR - VEN', 'A WAR - PRU', 'A VIE - TYR', 'A TRI S A TYR - VEN', 'A ARM - SMY', 'F GRE - ION', 'A BUD - GAL', 'A ANK S A ARM - SMY', 'A BUL - CON'], 'ENGLAND': ['F NTH S F ENG - BEL'], 'FRANCE': ['A BRE - PIC'], 'GERMANY': ['A DEN S F SWE', 'F SWE S A DEN'], 'ITALY': ['A VEN S A PIE', 'F TUN - ION', 'F EAS S F SMY', 'F SMY H', 'A PIE S A VEN'], 'RUSSIA': [], 'TURKEY': []}","{'A TRI': [], 'F GRE': ['bounce'], 'A ARM': ['bounce'], 'A ANK': [], 'A TYR': ['bounce'], 'A MUN': [], 'A WAR': [], 'A FIN': ['bounce'], 'A BOH': [], 'A NWY': [], 'A BUL': [], 'A VIE': ['bounce'], 'A BUD': [], 'F ENG': [], 'A YOR': [], 'F NTH': ['void'], 'F MAO': [], 'A BRE': [], 'A HOL': [], 'F SWE': ['cut'], 'A BER': [], 'A DEN': [], 'A VEN': ['cut'], 'F TUN': ['bounce'], 'F SMY': [], 'F EAS': [], 'A PIE': []}","[{'sender': 'AUSTRIA', 'recipient': 'ENGLAND', 'time_sent': 1654111825217374, 'phase': 'S1908M', 'message': 'XDO (F NTH S F ENG - BEL)'}, {'sender': 'AUSTRIA', 'recipient': 'FRANCE', 'time_sent': 1654111825499747, 'phase': 'S1908M', 'message': 'XDO (A BRE - PIC)'}, {'sender': 'AUSTRIA', 'recipient': 'GERMANY', 'time_sent': 1654111825782166, 'phase': 'S1908M', 'message': 'ORR (XDO (A DEN S F SWE)) (XDO (F SWE S A DEN))'}, {'sender': 'AUSTRIA', 'recipient': 'ITALY', 'time_sent': 1654111826066344, 'phase': 'S1908M', 'message': 'ORR (XDO (F TUN - ION)) (XDO (A PIE S A VEN)) (XDO (F EAS S F SMY))'}, {'sender': 'ENGLAND', 'recipient': 'AUSTRIA', 'time_sent': 1654111826066769, 'phase': 'S1908M', 'message': 'YES (XDO (F NTH S F ENG - BEL))'}, {'sender': 'FRANCE', 'recipient': 'AUSTRIA', 'time_sent': 1654111826067010, 'phase': 'S1908M', 'message': 'YES (XDO (A BRE - PIC))'}, {'sender': 'GERMANY', 'recipient': 'AUSTRIA', 'time_sent': 1654111826067209, 'phase': 'S1908M', 'message': 'YES (ORR (XDO (A DEN S F SWE)) (XDO (F SWE S A DEN)))'}]"
F1908M,"{'timestamp': 1654111828679669, 'zobrist_hash': '5641022044247252914', 'note': '', 'name': 'F1908M', 'units': {'AUSTRIA': ['A TRI', 'F GRE', 'A ARM', 'A ANK', 'A TYR', 'A FIN', 'A NWY', 'A VIE', 'A BUR', 'A PRU', 'A SIL', 'A CON', 'A GAL'], 'ENGLAND': ['F ENG', 'A YOR', 'F NTH'], 'FRANCE': ['F MAO', 'A HOL', 'A PIC'], 'GERMANY': ['F SWE', 'A BER', 'A DEN'], 'ITALY': ['A VEN', 'F TUN', 'F SMY', 'F EAS', 'A PIE'], 'RUSSIA': [], 'TURKEY': []}, 'retreats': {'AUSTRIA': {}, 'ENGLAND': {}, 'FRANCE': {}, 'GERMANY': {}, 'ITALY': {}, 'RUSSIA': {}, 'TURKEY': {}}, 'centers': {'AUSTRIA': ['BUD', 'TRI', 'VIE', 'GRE', 'SER', 'BUL', 'RUM', 'SEV', 'WAR', 'MOS', 'CON', 'STP', 'ANK', 'MUN', 'NWY'], 'ENGLAND': ['EDI', 'LON', 'LVP'], 'FRANCE': ['BRE', 'MAR', 'PAR', 'SPA', 'POR', 'BEL', 'HOL'], 'GERMANY': ['BER', 'KIE', 'SWE', 'DEN'], 'ITALY': ['NAP', 'ROM', 'VEN', 'TUN', 'SMY'], 'RUSSIA': [], 'TURKEY': []}, 'homes': {'AUSTRIA': ['BUD', 'TRI', 'VIE'], 'ENGLAND': ['EDI', 'LON', 'LVP'], 'FRANCE': ['BRE', 'MAR', 'PAR'], 'GERMANY': ['BER', 'KIE', 'MUN'], 'ITALY': ['NAP', 'ROM', 'VEN'], 'RUSSIA': ['MOS', 'SEV', 'STP', 'WAR'], 'TURKEY': ['ANK', 'CON', 'SMY']}, 'influence': {'AUSTRIA': ['BUD', 'VIE', 'ALB', 'TRI', 'GRE', 'RUM', 'SEV', 'UKR', 'MOS', 'ARM', 'LVN', 'ANK', 'TYR', 'STP', 'MUN', 'WAR', 'FIN', 'SER', 'BOH', 'NWY', 'BUL', 'BUR', 'PRU', 'SIL', 'CON', 'GAL'], 'ENGLAND': ['EDI', 'LVP', 'LON', 'ENG', 'YOR', 'NTH'], 'FRANCE': ['MAR', 'PAR', 'SPA', 'MAO', 'POR', 'BEL', 'BRE', 'HOL', 'PIC'], 'GERMANY': ['RUH', 'SWE', 'KIE', 'BER', 'DEN'], 'ITALY': ['NAP', 'ROM', 'VEN', 'TUN', 'SMY', 'ION', 'EAS', 'PIE'], 'RUSSIA': ['BLA'], 'TURKEY': ['SYR']}, 'civil_disorder': {'AUSTRIA': 0, 'ENGLAND': 0, 'FRANCE': 0, 'GERMANY': 0, 'ITALY': 0, 'RUSSIA': 0, 'TURKEY': 0}, 'builds': {'AUSTRIA': {'count': 0, 'homes': []}, 'ENGLAND': {'count': 0, 'homes': []}, 'FRANCE': {'count': 0, 'homes': []}, 'GERMANY': {'count': 0, 'homes': []}, 'ITALY': {'count': 0, 'homes': []}, 'RUSSIA': {'count': 0, 'homes': []}, 'TURKEY': {'count': 0, 'homes': []}}, 'game_id': '-4X5pmi2579WeRaH', 'map': 'standard', 'rules': ['POWER_CHOICE']}","{'AUSTRIA': ['A NWY S A FIN - SWE', 'A BUR - PAR', 'A FIN - SWE', 'A PRU - BER', 'A SIL S A PRU - BER', 'A TYR - VEN', 'A GAL - BOH', 'A VIE - TYR', 'A TRI S A TYR - VEN', 'A ARM - SMY', 'F GRE - ION', 'A ANK S A ARM - SMY', 'A CON S A ARM - SMY'], 'ENGLAND': ['A YOR - BEL VIA'], 'FRANCE': ['A HOL - KIE'], 'GERMANY': [], 'ITALY': ['A VEN S A PIE', 'F TUN - ION', 'F EAS S F SMY', 'F SMY H', 'A PIE S A VEN'], 'RUSSIA': [], 'TURKEY': []}","{'A TRI': [], 'F GRE': ['bounce'], 'A ARM': [], 'A ANK': [], 'A TYR': ['bounce'], 'A FIN': [], 'A NWY': [], 'A VIE': ['bounce'], 'A BUR': [], 'A PRU': [], 'A SIL': [], 'A CON': [], 'A GAL': [], 'F ENG': [], 'A YOR': ['no convoy'], 'F NTH': [], 'F MAO': [], 'A HOL': [], 'A PIC': [], 'F SWE': ['dislodged'], 'A BER': ['dislodged'], 'A DEN': [], 'A VEN': ['cut'], 'F TUN': ['bounce'], 'F SMY': ['dislodged'], 'F EAS': [], 'A PIE': []}","[{'sender': 'AUSTRIA', 'recipient': 'ENGLAND', 'time_sent': 1654111827258971, 'phase': 'F1908M', 'message': 'XDO (A YOR - BEL VIA)'}, {'sender': 'AUSTRIA', 'recipient': 'FRANCE', 'time_sent': 1654111827541446, 'phase': 'F1908M', 'message': 'XDO (A HOL - KIE)'}, {'sender': 'AUSTRIA', 'recipient': 'ITALY', 'time_sent': 1654111828103005, 'phase': 'F1908M', 'message': 'ORR (XDO (F TUN - ION)) (XDO (A PIE S A VEN)) (XDO (A VEN S A PIE)) (XDO (F EAS S F SMY)) (XDO (F SMY H))'}, {'sender': 'ENGLAND', 'recipient': 'AUSTRIA', 'time_sent': 1654111828103305, 'phase': 'F1908M', 'message': 'YES (XDO (A YOR - BEL VIA))'}, {'sender': 'FRANCE', 'recipient': 'AUSTRIA', 'time_sent': 1654111828103579, 'phase': 'F1908M', 'message': 'YES (XDO (A HOL - KIE))'}]"
F1908R,"{'timestamp': 1654111829262008, 'zobrist_hash': '4763288850505394128', 'note': '', 'name': 'F1908R', 'units': {'AUSTRIA': ['A TRI', 'F GRE', 'A ANK', 'A TYR', 'A NWY', 'A VIE', 'A SIL', 'A CON', 'A SMY', 'A SWE', 'A PAR', 'A BER', 'A BOH'], 'ENGLAND': ['F ENG', 'A YOR', 'F NTH'], 'FRANCE': ['F MAO', 'A PIC', 'A KIE'], 'GERMANY': ['A DEN', '*F SWE', '*A BER'], 'ITALY': ['A VEN', 'F TUN', 'F EAS', 'A PIE', '*F SMY'], 'RUSSIA': [], 'TURKEY': []}, 'retreats': {'AUSTRIA': {}, 'ENGLAND': {}, 'FRANCE': {}, 'GERMANY': {'F SWE': ['BAL', 'BOT', 'SKA'], 'A BER': ['MUN']}, 'ITALY': {'F SMY': ['AEG', 'SYR']}, 'RUSSIA': {}, 'TURKEY': {}}, 'centers': {'AUSTRIA': ['BUD', 'TRI', 'VIE', 'GRE', 'SER', 'BUL', 'RUM', 'SEV', 'WAR', 'MOS', 'CON', 'STP', 'ANK', 'MUN', 'NWY'], 'ENGLAND': ['EDI', 'LON', 'LVP'], 'FRANCE': ['BRE', 'MAR', 'PAR', 'SPA', 'POR', 'BEL', 'HOL'], 'GERMANY': ['BER', 'KIE', 'SWE', 'DEN'], 'ITALY': ['NAP', 'ROM', 'VEN', 'TUN', 'SMY'], 'RUSSIA': [], 'TURKEY': []}, 'homes': {'AUSTRIA': ['BUD', 'TRI', 'VIE'], 'ENGLAND': ['EDI', 'LON', 'LVP'], 'FRANCE': ['BRE', 'MAR', 'PAR'], 'GERMANY': ['BER', 'KIE', 'MUN'], 'ITALY': ['NAP', 'ROM', 'VEN'], 'RUSSIA': ['MOS', 'SEV', 'STP', 'WAR'], 'TURKEY': ['ANK', 'CON', 'SMY']}, 'influence': {'AUSTRIA': ['BUD', 'VIE', 'ALB', 'TRI', 'GRE', 'RUM', 'SEV', 'UKR', 'MOS', 'ARM', 'LVN', 'ANK', 'TYR', 'STP', 'MUN', 'WAR', 'FIN', 'SER', 'NWY', 'BUL', 'BUR', 'PRU', 'SIL', 'CON', 'GAL', 'SMY', 'SWE', 'PAR', 'BER', 'BOH'], 'ENGLAND': ['EDI', 'LVP', 'LON', 'ENG', 'YOR', 'NTH'], 'FRANCE': ['MAR', 'SPA', 'MAO', 'POR', 'BEL', 'BRE', 'HOL', 'PIC', 'KIE'], 'GERMANY': ['RUH', 'DEN'], 'ITALY': ['NAP', 'ROM', 'VEN', 'TUN', 'ION', 'EAS', 'PIE'], 'RUSSIA': ['BLA'], 'TURKEY': ['SYR']}, 'civil_disorder': {'AUSTRIA': 0, 'ENGLAND': 0, 'FRANCE': 0, 'GERMANY': 0, 'ITALY': 0, 'RUSSIA': 0, 'TURKEY': 0}, 'builds': {'AUSTRIA': {'count': 0, 'homes': []}, 'ENGLAND': {'count': 0, 'homes': []}, 'FRANCE': {'count': 0, 'homes': []}, 'GERMANY': {'count': 0, 'homes': []}, 'ITALY': {'count': 0, 'homes': []}, 'RUSSIA': {'count': 0, 'homes': []}, 'TURKEY': {'count': 0, 'homes': []}}, 'game_id': '-4X5pmi2579WeRaH', 'map': 'standard', 'rules': ['POWER_CHOICE']}","{'AUSTRIA': [], 'ENGLAND': [], 'FRANCE': [], 'GERMANY': [], 'ITALY': ['F SMY R AEG'], 'RUSSIA': [], 'TURKEY': []}","{'F SWE': ['disband'], 'A BER': ['disband'], 'F SMY': [], 'A YOR': ['void'], 'A HOL': ['void'], 'F NAP': ['void'], 'A ROM': ['void'], 'A VEN': ['void'], 'F ION': ['void'], 'F TUN': ['void'], 'A TYR': ['void'], 'F EAS': ['void'], 'A PIE': ['void']}",[]
COMPLETED,"{'timestamp': 1654111829269719, 'zobrist_hash': '7086037296138834520', 'note': 'Victory by: AUS', 'name': 'COMPLETED', 'units': {'AUSTRIA': ['A TRI', 'F GRE', 'A ANK', 'A TYR', 'A NWY', 'A VIE', 'A SIL', 'A CON', 'A SMY', 'A SWE', 'A PAR', 'A BER', 'A BOH'], 'ENGLAND': ['F ENG', 'A YOR', 'F NTH'], 'FRANCE': ['F MAO', 'A PIC', 'A KIE'], 'GERMANY': ['A DEN'], 'ITALY': ['A VEN', 'F TUN', 'F EAS', 'A PIE', 'F AEG'], 'RUSSIA': [], 'TURKEY': []}, 'retreats': {'AUSTRIA': {}, 'ENGLAND': {}, 'FRANCE': {}, 'GERMANY': {}, 'ITALY': {}, 'RUSSIA': {}, 'TURKEY': {}}, 'centers': {'AUSTRIA': ['BUD', 'TRI', 'VIE', 'GRE', 'SER', 'BUL', 'RUM', 'SEV', 'WAR', 'MOS', 'CON', 'STP', 'ANK', 'MUN', 'NWY', 'PAR', 'BER', 'SWE', 'SMY'], 'ENGLAND': ['EDI', 'LON', 'LVP'], 'FRANCE': ['BRE', 'MAR', 'SPA', 'POR', 'BEL', 'HOL', 'KIE'], 'GERMANY': ['DEN'], 'ITALY': ['NAP', 'ROM', 'VEN', 'TUN'], 'RUSSIA': [], 'TURKEY': []}, 'homes': {'AUSTRIA': ['BUD', 'TRI', 'VIE'], 'ENGLAND': ['EDI', 'LON', 'LVP'], 'FRANCE': ['BRE', 'MAR', 'PAR'], 'GERMANY': ['BER', 'KIE', 'MUN'], 'ITALY': ['NAP', 'ROM', 'VEN'], 'RUSSIA': ['MOS', 'SEV', 'STP', 'WAR'], 'TURKEY': ['ANK', 'CON', 'SMY']}, 'influence': {'AUSTRIA': ['BUD', 'VIE', 'ALB', 'TRI', 'GRE', 'RUM', 'SEV', 'UKR', 'MOS', 'ARM', 'LVN', 'ANK', 'TYR', 'STP', 'MUN', 'WAR', 'FIN', 'SER', 'NWY', 'BUL', 'BUR', 'PRU', 'SIL', 'CON', 'GAL', 'SMY', 'SWE', 'PAR', 'BER', 'BOH'], 'ENGLAND': ['EDI', 'LVP', 'LON', 'ENG', 'YOR', 'NTH'], 'FRANCE': ['MAR', 'SPA', 'MAO', 'POR', 'BEL', 'BRE', 'HOL', 'PIC', 'KIE'], 'GERMANY': ['RUH', 'DEN'], 'ITALY': ['NAP', 'ROM', 'VEN', 'TUN', 'ION', 'EAS', 'PIE', 'AEG'], 'RUSSIA': ['BLA'], 'TURKEY': ['SYR']}, 'civil_disorder': {'AUSTRIA': 0, 'ENGLAND': 0, 'FRANCE': 0, 'GERMANY': 0, 'ITALY': 0, 'RUSSIA': 0, 'TURKEY': 0}, 'builds': {'AUSTRIA': {'count': 1, 'homes': ['BUD']}, 'ENGLAND': {'count': 0, 'homes': []}, 'FRANCE': {'count': 2, 'homes': ['BRE', 'MAR']}, 'GERMANY': {'count': 0, 'homes': []}, 'ITALY': {'count': -1, 'homes': []}, 'RUSSIA': {'count': 0, 'homes': []}, 'TURKEY': {'count': 0, 'homes': []}}, 'game_id': '-4X5pmi2579WeRaH', 'map': 'standard', 'rules': ['POWER_CHOICE']}","{'AUSTRIA': None, 'ENGLAND': None, 'FRANCE': None, 'GERMANY': None, 'ITALY': None, 'RUSSIA': [], 'TURKEY': []}",{},[]
