AUSTRIA,ENGLAND,FRANCE,GERMANY,ITALY,RUSSIA,TURKEY
RL,rplt,random,dipnet,random,dipnet,pushoverdipnet
name,state,orders,results,messages
S1901M,"{'timestamp': 1655256996346998, 'zobrist_hash': '1919110489198082658', 'note': '', 'name': 'S1901M', 'units': {'AUSTRIA': ['A BUD', 'A VIE', 'F TRI'], 'ENGLAND': ['F EDI', 'F LON', 'A LVP'], 'FRANCE': ['F BRE', 'A MAR', 'A PAR'], 'GERMANY': ['F KIE', 'A BER', 'A MUN'], 'ITALY': ['F NAP', 'A ROM', 'A VEN'], 'RUSSIA': ['A WAR', 'A MOS', 'F SEV', 'F STP/SC'], 'TURKEY': ['F ANK', 'A CON', 'A SMY']}, 'retreats': {'AUSTRIA': {}, 'ENGLAND': {}, 'FRANCE': {}, 'GERMANY': {}, 'ITALY': {}, 'RUSSIA': {}, 'TURKEY': {}}, 'centers': {'AUSTRIA': ['BUD', 'TRI', 'VIE'], 'ENGLAND': ['EDI', 'LON', 'LVP'], 'FRANCE': ['BRE', 'MAR', 'PAR'], 'GERMANY': ['BER', 'KIE', 'MUN'], 'ITALY': ['NAP', 'ROM', 'VEN'], 'RUSSIA': ['MOS', 'SEV', 'STP', 'WAR'], 'TURKEY': ['ANK', 'CON', 'SMY']}, 'homes': {'AUSTRIA': ['BUD', 'TRI', 'VIE'], 'ENGLAND': ['EDI', 'LON', 'LVP'], 'FRANCE': ['BRE', 'MAR', 'PAR'], 'GERMANY': ['BER', 'KIE', 'MUN'], 'ITALY': ['NAP', 'ROM', 'VEN'], 'RUSSIA': ['MOS', 'SEV', 'STP', 'WAR'], 'TURKEY': ['ANK', 'CON', 'SMY']}, 'influence': {'AUSTRIA': ['BUD', 'VIE', 'TRI'], 'ENGLAND': ['EDI', 'LON', 'LVP'], 'FRANCE': ['BRE', 'MAR', 'PAR'], 'GERMANY': ['KIE', 'BER', 'MUN'], 'ITALY': ['NAP', 'ROM', 'VEN'], 'RUSSIA': ['WAR', 'MOS', 'SEV', 'STP'], 'TURKEY': ['ANK', 'CON', 'SMY']}, 'civil_disorder': {'AUSTRIA': 0, 'ENGLAND': 0, 'FRANCE': 0, 'GERMANY': 0, 'ITALY': 0, 'RUSSIA': 0, 'TURKEY': 0}, 'builds': {'AUSTRIA': {'count': 0, 'homes': []}, 'ENGLAND': {'count': 0, 'homes': []}, 'FRANCE': {'count': 0, 'homes': []}, 'GERMANY': {'count': 0, 'homes': []}, 'ITALY': {'count': 0, 'homes': []}, 'RUSSIA': {'count': 0, 'homes': []}, 'TURKEY': {'count': 0, 'homes': []}}, 'game_id': 'ljofZXL_ZI9sN-4Z', 'map': 'standard', 'rules': ['POWER_CHOICE']}","{'AUSTRIA': ['A VIE - TRI', 'F TRI - ALB', 'A BUD - SER'], 'ENGLAND': [], 'FRANCE': ['F BRE - GAS', 'A MAR - SPA', 'A PAR S A MAR - GAS'], 'GERMANY': ['F KIE - DEN', 'A MUN - RUH', 'A BER - KIE'], 'ITALY': ['F NAP - ROM', 'A ROM - TUS', 'A VEN S F NAP - APU'], 'RUSSIA': ['F STP/SC - BOT', 'A MOS - UKR', 'A WAR - GAL', 'F SEV - BLA'], 'TURKEY': ['F ANK - BLA', 'A SMY - CON', 'A CON - BUL']}","{'A BUD': [], 'A VIE': [], 'F TRI': [], 'F EDI': [], 'F LON': [], 'A LVP': [], 'F BRE': [], 'A MAR': [], 'A PAR': ['void'], 'F KIE': [], 'A BER': [], 'A MUN': [], 'F NAP': [], 'A ROM': [], 'A VEN': ['void'], 'A WAR': [], 'A MOS': [], 'F SEV': ['bounce'], 'F STP/SC': [], 'F ANK': ['bounce'], 'A CON': [], 'A SMY': []}","[{'sender': 'AUSTRIA', 'recipient': 'ENGLAND', 'time_sent': 1655256993928181, 'phase': 'S1901M', 'message': 'ORR (XDO (F LON - NTH)) (XDO (A LVP - YOR))'}, {'sender': 'AUSTRIA', 'recipient': 'FRANCE', 'time_sent': 1655256994197269, 'phase': 'S1901M', 'message': 'XDO (A PAR - BUR)'}, {'sender': 'AUSTRIA', 'recipient': 'ITALY', 'time_sent': 1655256994739085, 'phase': 'S1901M', 'message': 'XDO (F NAP - ION)'}, {'sender': 'AUSTRIA', 'recipient': 'RUSSIA', 'time_sent': 1655256995010233, 'phase': 'S1901M', 'message': 'XDO (A MOS - UKR)'}, {'sender': 'AUSTRIA', 'recipient': 'TURKEY', 'time_sent': 1655256995279578, 'phase': 'S1901M', 'message': 'ORR (XDO (A SMY - CON)) (XDO (A CON - BUL))'}, {'sender': 'TURKEY', 'recipient': 'AUSTRIA', 'time_sent': 1655256995545665, 'phase': 'S1901M', 'message': 'YES (ORR (XDO (A SMY - CON)) (XDO (A CON - BUL)))'}]"
F1901M,"{'timestamp': 1655256999339545, 'zobrist_hash': '1120052117750647326', 'note': '', 'name': 'F1901M', 'units': {'AUSTRIA': ['A SER', 'A TRI', 'F ALB'], 'ENGLAND': ['F EDI', 'F LON', 'A LVP'], 'FRANCE': ['A PAR', 'F GAS', 'A SPA'], 'GERMANY': ['F DEN', 'A KIE', 'A RUH'], 'ITALY': ['A VEN', 'F ROM', 'A TUS'], 'RUSSIA': ['F SEV', 'A GAL', 'A UKR', 'F BOT'], 'TURKEY': ['F ANK', 'A BUL', 'A CON']}, 'retreats': {'AUSTRIA': {}, 'ENGLAND': {}, 'FRANCE': {}, 'GERMANY': {}, 'ITALY': {}, 'RUSSIA': {}, 'TURKEY': {}}, 'centers': {'AUSTRIA': ['BUD', 'TRI', 'VIE'], 'ENGLAND': ['EDI', 'LON', 'LVP'], 'FRANCE': ['BRE', 'MAR', 'PAR'], 'GERMANY': ['BER', 'KIE', 'MUN'], 'ITALY': ['NAP', 'ROM', 'VEN'], 'RUSSIA': ['MOS', 'SEV', 'STP', 'WAR'], 'TURKEY': ['ANK', 'CON', 'SMY']}, 'homes': {'AUSTRIA': ['BUD', 'TRI', 'VIE'], 'ENGLAND': ['EDI', 'LON', 'LVP'], 'FRANCE': ['BRE', 'MAR', 'PAR'], 'GERMANY': ['BER', 'KIE', 'MUN'], 'ITALY': ['NAP', 'ROM', 'VEN'], 'RUSSIA': ['MOS', 'SEV', 'STP', 'WAR'], 'TURKEY': ['ANK', 'CON', 'SMY']}, 'influence': {'AUSTRIA': ['BUD', 'VIE', 'SER', 'TRI', 'ALB'], 'ENGLAND': ['EDI', 'LON', 'LVP'], 'FRANCE': ['BRE', 'MAR', 'PAR', 'GAS', 'SPA'], 'GERMANY': ['BER', 'MUN', 'DEN', 'KIE', 'RUH'], 'ITALY': ['NAP', 'VEN', 'ROM', 'TUS'], 'RUSSIA': ['WAR', 'MOS', 'SEV', 'STP', 'GAL', 'UKR', 'BOT'], 'TURKEY': ['ANK', 'SMY', 'BUL', 'CON']}, 'civil_disorder': {'AUSTRIA': 0, 'ENGLAND': 0, 'FRANCE': 0, 'GERMANY': 0, 'ITALY': 0, 'RUSSIA': 0, 'TURKEY': 0}, 'builds': {'AUSTRIA': {'count': 0, 'homes': []}, 'ENGLAND': {'count': 0, 'homes': []}, 'FRANCE': {'count': 0, 'homes': []}, 'GERMANY': {'count': 0, 'homes': []}, 'ITALY': {'count': 0, 'homes': []}, 'RUSSIA': {'count': 0, 'homes': []}, 'TURKEY': {'count': 0, 'homes': []}}, 'game_id': 'ljofZXL_ZI9sN-4Z', 'map': 'standard', 'rules': ['POWER_CHOICE']}","{'AUSTRIA': ['A TRI - BUD', 'F ALB - GRE', 'A SER S F ALB - GRE'], 'ENGLAND': [], 'FRANCE': ['F GAS S A SPA', 'A PAR S A RUH - BUR', 'A SPA S F GAS'], 'GERMANY': ['F DEN - SWE', 'A RUH - BEL', 'A KIE - HOL'], 'ITALY': ['F ROM H', 'A TUS S F ROM', 'A VEN S A TUS - ROM'], 'RUSSIA': ['F BOT - SWE', 'F SEV - BLA', 'A UKR - RUM', 'A GAL - VIE'], 'TURKEY': ['F ANK - BLA', 'A BUL - GRE', 'A CON - BUL']}","{'A SER': [], 'A TRI': [], 'F ALB': [], 'F EDI': [], 'F LON': [], 'A LVP': [], 'A PAR': ['void'], 'F GAS': [], 'A SPA': [], 'F DEN': ['bounce'], 'A KIE': [], 'A RUH': [], 'A VEN': ['void'], 'F ROM': [], 'A TUS': [], 'F SEV': ['bounce'], 'A GAL': [], 'A UKR': [], 'F BOT': ['bounce'], 'F ANK': ['bounce'], 'A BUL': ['bounce'], 'A CON': ['bounce']}","[{'sender': 'AUSTRIA', 'recipient': 'ENGLAND', 'time_sent': 1655256996905386, 'phase': 'F1901M', 'message': 'XDO (A LVP - EDI)'}, {'sender': 'AUSTRIA', 'recipient': 'FRANCE', 'time_sent': 1655256997176356, 'phase': 'F1901M', 'message': 'ORR (XDO (F GAS - SPA/NC)) (XDO (A SPA - POR))'}, {'sender': 'AUSTRIA', 'recipient': 'GERMANY', 'time_sent': 1655256997449388, 'phase': 'F1901M', 'message': 'ORR (XDO (F DEN - SWE)) (XDO (A KIE - HOL))'}, {'sender': 'AUSTRIA', 'recipient': 'RUSSIA', 'time_sent': 1655256997997698, 'phase': 'F1901M', 'message': 'ORR (XDO (F SEV - BLA)) (XDO (A UKR - RUM)) (XDO (A GAL - VIE))'}, {'sender': 'AUSTRIA', 'recipient': 'TURKEY', 'time_sent': 1655256998268631, 'phase': 'F1901M', 'message': 'ORR (XDO (F ANK - BLA)) (XDO (A BUL - GRE))'}, {'sender': 'TURKEY', 'recipient': 'AUSTRIA', 'time_sent': 1655256998535501, 'phase': 'F1901M', 'message': 'YES (ORR (XDO (F ANK - BLA)) (XDO (A BUL - GRE)))'}]"
W1901A,"{'timestamp': 1655257000420789, 'zobrist_hash': '1693027824087191429', 'note': '', 'name': 'W1901A', 'units': {'AUSTRIA': ['A SER', 'A BUD', 'F GRE'], 'ENGLAND': ['F EDI', 'F LON', 'A LVP'], 'FRANCE': ['A PAR', 'F GAS', 'A SPA'], 'GERMANY': ['F DEN', 'A HOL', 'A BEL'], 'ITALY': ['A VEN', 'F ROM', 'A TUS'], 'RUSSIA': ['F SEV', 'F BOT', 'A VIE', 'A RUM'], 'TURKEY': ['F ANK', 'A BUL', 'A CON']}, 'retreats': {'AUSTRIA': {}, 'ENGLAND': {}, 'FRANCE': {}, 'GERMANY': {}, 'ITALY': {}, 'RUSSIA': {}, 'TURKEY': {}}, 'centers': {'AUSTRIA': ['BUD', 'TRI', 'GRE', 'SER'], 'ENGLAND': ['EDI', 'LON', 'LVP'], 'FRANCE': ['BRE', 'MAR', 'PAR', 'SPA'], 'GERMANY': ['BER', 'KIE', 'MUN', 'BEL', 'DEN', 'HOL'], 'ITALY': ['NAP', 'ROM', 'VEN'], 'RUSSIA': ['MOS', 'SEV', 'STP', 'WAR', 'VIE', 'RUM'], 'TURKEY': ['ANK', 'CON', 'SMY', 'BUL']}, 'homes': {'AUSTRIA': ['BUD', 'TRI', 'VIE'], 'ENGLAND': ['EDI', 'LON', 'LVP'], 'FRANCE': ['BRE', 'MAR', 'PAR'], 'GERMANY': ['BER', 'KIE', 'MUN'], 'ITALY': ['NAP', 'ROM', 'VEN'], 'RUSSIA': ['MOS', 'SEV', 'STP', 'WAR'], 'TURKEY': ['ANK', 'CON', 'SMY']}, 'influence': {'AUSTRIA': ['SER', 'TRI', 'ALB', 'BUD', 'GRE'], 'ENGLAND': ['EDI', 'LON', 'LVP'], 'FRANCE': ['BRE', 'MAR', 'PAR', 'GAS', 'SPA'], 'GERMANY': ['BER', 'MUN', 'DEN', 'KIE', 'RUH', 'HOL', 'BEL'], 'ITALY': ['NAP', 'VEN', 'ROM', 'TUS'], 'RUSSIA': ['WAR', 'MOS', 'SEV', 'STP', 'GAL', 'UKR', 'BOT', 'VIE', 'RUM'], 'TURKEY': ['ANK', 'SMY', 'BUL', 'CON']}, 'civil_disorder': {'AUSTRIA': 0, 'ENGLAND': 0, 'FRANCE': 0, 'GERMANY': 0, 'ITALY': 0, 'RUSSIA': 0, 'TURKEY': 0}, 'builds': {'AUSTRIA': {'count': 1, 'homes': ['TRI']}, 'ENGLAND': {'count': 0, 'homes': []}, 'FRANCE': {'count': 1, 'homes': ['BRE', 'MAR']}, 'GERMANY': {'count': 3, 'homes': ['BER', 'KIE', 'MUN']}, 'ITALY': {'count': 0, 'homes': []}, 'RUSSIA': {'count': 2, 'homes': ['MOS', 'STP', 'WAR']}, 'TURKEY': {'count': 1, 'homes': ['SMY']}}, 'game_id': 'ljofZXL_ZI9sN-4Z', 'map': 'standard', 'rules': ['POWER_CHOICE']}","{'AUSTRIA': ['A TRI B'], 'ENGLAND': [], 'FRANCE': ['F MAR B'], 'GERMANY': ['F KIE B', 'A MUN B', 'F BER B'], 'ITALY': [], 'RUSSIA': ['F STP/NC B', 'A WAR B'], 'TURKEY': []}","{'A TRI': [''], 'F MAR': [''], 'F KIE': [''], 'A MUN': [''], 'F BER': [''], 'F STP/NC': [''], 'A WAR': [''], 'F ANK': ['void'], 'A BUL': ['void'], 'A CON': ['void']}",[]
S1902M,"{'timestamp': 1655257011505689, 'zobrist_hash': '5315399540101180209', 'note': '', 'name': 'S1902M', 'units': {'AUSTRIA': ['A SER', 'A BUD', 'F GRE', 'A TRI'], 'ENGLAND': ['F EDI', 'F LON', 'A LVP'], 'FRANCE': ['A PAR', 'F GAS', 'A SPA', 'F MAR'], 'GERMANY': ['F DEN', 'A HOL', 'A BEL', 'F KIE', 'A MUN', 'F BER'], 'ITALY': ['A VEN', 'F ROM', 'A TUS'], 'RUSSIA': ['F SEV', 'F BOT', 'A VIE', 'A RUM', 'F STP/NC', 'A WAR'], 'TURKEY': ['F ANK', 'A BUL', 'A CON']}, 'retreats': {'AUSTRIA': {}, 'ENGLAND': {}, 'FRANCE': {}, 'GERMANY': {}, 'ITALY': {}, 'RUSSIA': {}, 'TURKEY': {}}, 'centers': {'AUSTRIA': ['BUD', 'TRI', 'GRE', 'SER'], 'ENGLAND': ['EDI', 'LON', 'LVP'], 'FRANCE': ['BRE', 'MAR', 'PAR', 'SPA'], 'GERMANY': ['BER', 'KIE', 'MUN', 'BEL', 'DEN', 'HOL'], 'ITALY': ['NAP', 'ROM', 'VEN'], 'RUSSIA': ['MOS', 'SEV', 'STP', 'WAR', 'VIE', 'RUM'], 'TURKEY': ['ANK', 'CON', 'SMY', 'BUL']}, 'homes': {'AUSTRIA': ['BUD', 'TRI', 'VIE'], 'ENGLAND': ['EDI', 'LON', 'LVP'], 'FRANCE': ['BRE', 'MAR', 'PAR'], 'GERMANY': ['BER', 'KIE', 'MUN'], 'ITALY': ['NAP', 'ROM', 'VEN'], 'RUSSIA': ['MOS', 'SEV', 'STP', 'WAR'], 'TURKEY': ['ANK', 'CON', 'SMY']}, 'influence': {'AUSTRIA': ['SER', 'TRI', 'ALB', 'BUD', 'GRE'], 'ENGLAND': ['EDI', 'LON', 'LVP'], 'FRANCE': ['BRE', 'MAR', 'PAR', 'GAS', 'SPA'], 'GERMANY': ['BER', 'MUN', 'DEN', 'KIE', 'RUH', 'HOL', 'BEL'], 'ITALY': ['NAP', 'VEN', 'ROM', 'TUS'], 'RUSSIA': ['WAR', 'MOS', 'SEV', 'STP', 'GAL', 'UKR', 'BOT', 'VIE', 'RUM'], 'TURKEY': ['ANK', 'SMY', 'BUL', 'CON']}, 'civil_disorder': {'AUSTRIA': 0, 'ENGLAND': 0, 'FRANCE': 0, 'GERMANY': 0, 'ITALY': 0, 'RUSSIA': 0, 'TURKEY': 0}, 'builds': {'AUSTRIA': {'count': 0, 'homes': []}, 'ENGLAND': {'count': 0, 'homes': []}, 'FRANCE': {'count': 0, 'homes': []}, 'GERMANY': {'count': 0, 'homes': []}, 'ITALY': {'count': 0, 'homes': []}, 'RUSSIA': {'count': 0, 'homes': []}, 'TURKEY': {'count': 0, 'homes': []}}, 'game_id': 'ljofZXL_ZI9sN-4Z', 'map': 'standard', 'rules': ['POWER_CHOICE']}","{'AUSTRIA': ['A TRI - VIE', 'F GRE - BUL/SC', 'A BUD S A TRI - VIE', 'A SER S A BUL - RUM'], 'ENGLAND': [], 'FRANCE': ['F GAS S A PAR - BRE', 'F MAR S F GAS - SPA', 'A PAR H', 'A SPA S F MAR'], 'GERMANY': ['A BEL - PIC', 'F DEN - SKA', 'A HOL - BEL', 'F KIE - DEN', 'A MUN - BUR', 'F BER - BAL'], 'ITALY': ['F ROM - NAP', 'A TUS H', 'A VEN S A TRI'], 'RUSSIA': ['F STP/NC - NWY', 'F BOT - SWE', 'A WAR - GAL', 'F SEV - BLA', 'A VIE S A RUM - BUD', 'A RUM - BUD'], 'TURKEY': ['F ANK - BLA', 'A BUL - RUM', 'A CON - BUL']}","{'A SER': [], 'A BUD': ['cut'], 'F GRE': ['bounce'], 'A TRI': ['bounce'], 'F EDI': [], 'F LON': [], 'A LVP': [], 'A PAR': [], 'F GAS': ['void'], 'A SPA': [], 'F MAR': ['void'], 'F DEN': [], 'A HOL': [], 'A BEL': [], 'F KIE': [], 'A MUN': [], 'F BER': [], 'A VEN': ['void'], 'F ROM': [], 'A TUS': [], 'F SEV': ['bounce'], 'F BOT': [], 'A VIE': ['cut'], 'A RUM': ['bounce', 'dislodged'], 'F STP/NC': [], 'A WAR': [], 'F ANK': ['bounce'], 'A BUL': [], 'A CON': ['bounce']}","[{'sender': 'AUSTRIA', 'recipient': 'ENGLAND', 'time_sent': 1655257000982496, 'phase': 'S1902M', 'message': 'ORR (XDO (F EDI - NTH)) (XDO (F LON - ENG)) (XDO (A LVP - YOR))'}, {'sender': 'AUSTRIA', 'recipient': 'FRANCE', 'time_sent': 1655257001256408, 'phase': 'S1902M', 'message': 'ORR (XDO (A PAR - BUR)) (XDO (A SPA - POR))'}, {'sender': 'AUSTRIA', 'recipient': 'GERMANY', 'time_sent': 1655257001532288, 'phase': 'S1902M', 'message': 'ORR (XDO (F DEN - SKA)) (XDO (A HOL - BEL))'}, {'sender': 'AUSTRIA', 'recipient': 'ITALY', 'time_sent': 1655257001805789, 'phase': 'S1902M', 'message': 'ORR (XDO (F ROM - TYS)) (XDO (A VEN S A TUS - PIE))'}, {'sender': 'AUSTRIA', 'recipient': 'RUSSIA', 'time_sent': 1655257002082011, 'phase': 'S1902M', 'message': 'ORR (XDO (A WAR - GAL)) (XDO (F SEV - BLA)) (XDO (A VIE S A RUM - BUD))'}, {'sender': 'AUSTRIA', 'recipient': 'TURKEY', 'time_sent': 1655257002355853, 'phase': 'S1902M', 'message': 'ORR (XDO (F ANK - BLA)) (XDO (A CON - BUL))'}, {'sender': 'TURKEY', 'recipient': 'AUSTRIA', 'time_sent': 1655257010694058, 'phase': 'S1902M', 'message': 'YES (ORR (XDO (F ANK - BLA)) (XDO (A CON - BUL)))'}]"
S1902R,"{'timestamp': 1655257012053289, 'zobrist_hash': '5741419530744798121', 'note': '', 'name': 'S1902R', 'units': {'AUSTRIA': ['A SER', 'A BUD', 'F GRE', 'A TRI'], 'ENGLAND': ['F EDI', 'F LON', 'A LVP'], 'FRANCE': ['A PAR', 'F GAS', 'A SPA', 'F MAR'], 'GERMANY': ['F SKA', 'A BEL', 'A PIC', 'F DEN', 'A BUR', 'F BAL'], 'ITALY': ['A VEN', 'A TUS', 'F NAP'], 'RUSSIA': ['F SEV', 'A VIE', 'F SWE', 'F NWY', 'A GAL', '*A RUM'], 'TURKEY': ['F ANK', 'A CON', 'A RUM']}, 'retreats': {'AUSTRIA': {}, 'ENGLAND': {}, 'FRANCE': {}, 'GERMANY': {}, 'ITALY': {}, 'RUSSIA': {'A RUM': ['UKR']}, 'TURKEY': {}}, 'centers': {'AUSTRIA': ['BUD', 'TRI', 'GRE', 'SER'], 'ENGLAND': ['EDI', 'LON', 'LVP'], 'FRANCE': ['BRE', 'MAR', 'PAR', 'SPA'], 'GERMANY': ['BER', 'KIE', 'MUN', 'BEL', 'DEN', 'HOL'], 'ITALY': ['NAP', 'ROM', 'VEN'], 'RUSSIA': ['MOS', 'SEV', 'STP', 'WAR', 'VIE', 'RUM'], 'TURKEY': ['ANK', 'CON', 'SMY', 'BUL']}, 'homes': {'AUSTRIA': ['BUD', 'TRI', 'VIE'], 'ENGLAND': ['EDI', 'LON', 'LVP'], 'FRANCE': ['BRE', 'MAR', 'PAR'], 'GERMANY': ['BER', 'KIE', 'MUN'], 'ITALY': ['NAP', 'ROM', 'VEN'], 'RUSSIA': ['MOS', 'SEV', 'STP', 'WAR'], 'TURKEY': ['ANK', 'CON', 'SMY']}, 'influence': {'AUSTRIA': ['SER', 'TRI', 'ALB', 'BUD', 'GRE'], 'ENGLAND': ['EDI', 'LON', 'LVP'], 'FRANCE': ['BRE', 'MAR', 'PAR', 'GAS', 'SPA'], 'GERMANY': ['BER', 'MUN', 'KIE', 'RUH', 'HOL', 'SKA', 'BEL', 'PIC', 'DEN', 'BUR', 'BAL'], 'ITALY': ['VEN', 'ROM', 'TUS', 'NAP'], 'RUSSIA': ['WAR', 'MOS', 'SEV', 'STP', 'UKR', 'BOT', 'VIE', 'SWE', 'NWY', 'GAL'], 'TURKEY': ['ANK', 'SMY', 'BUL', 'CON', 'RUM']}, 'civil_disorder': {'AUSTRIA': 0, 'ENGLAND': 0, 'FRANCE': 0, 'GERMANY': 0, 'ITALY': 0, 'RUSSIA': 0, 'TURKEY': 0}, 'builds': {'AUSTRIA': {'count': 0, 'homes': []}, 'ENGLAND': {'count': 0, 'homes': []}, 'FRANCE': {'count': 0, 'homes': []}, 'GERMANY': {'count': 0, 'homes': []}, 'ITALY': {'count': 0, 'homes': []}, 'RUSSIA': {'count': 0, 'homes': []}, 'TURKEY': {'count': 0, 'homes': []}}, 'game_id': 'ljofZXL_ZI9sN-4Z', 'map': 'standard', 'rules': ['POWER_CHOICE']}","{'AUSTRIA': [], 'ENGLAND': [], 'FRANCE': [], 'GERMANY': [], 'ITALY': [], 'RUSSIA': ['A RUM R UKR'], 'TURKEY': []}","{'A RUM': [], 'F ANK': ['void'], 'A BUL': ['void'], 'A CON': ['void']}",[]
F1902M,"{'timestamp': 1655257015071705, 'zobrist_hash': '2979438190091216851', 'note': '', 'name': 'F1902M', 'units': {'AUSTRIA': ['A SER', 'A BUD', 'F GRE', 'A TRI'], 'ENGLAND': ['F EDI', 'F LON', 'A LVP'], 'FRANCE': ['A PAR', 'F GAS', 'A SPA', 'F MAR'], 'GERMANY': ['F SKA', 'A BEL', 'A PIC', 'F DEN', 'A BUR', 'F BAL'], 'ITALY': ['A VEN', 'A TUS', 'F NAP'], 'RUSSIA': ['F SEV', 'A VIE', 'F SWE', 'F NWY', 'A GAL', 'A UKR'], 'TURKEY': ['F ANK', 'A CON', 'A RUM']}, 'retreats': {'AUSTRIA': {}, 'ENGLAND': {}, 'FRANCE': {}, 'GERMANY': {}, 'ITALY': {}, 'RUSSIA': {}, 'TURKEY': {}}, 'centers': {'AUSTRIA': ['BUD', 'TRI', 'GRE', 'SER'], 'ENGLAND': ['EDI', 'LON', 'LVP'], 'FRANCE': ['BRE', 'MAR', 'PAR', 'SPA'], 'GERMANY': ['BER', 'KIE', 'MUN', 'BEL', 'DEN', 'HOL'], 'ITALY': ['NAP', 'ROM', 'VEN'], 'RUSSIA': ['MOS', 'SEV', 'STP', 'WAR', 'VIE', 'RUM'], 'TURKEY': ['ANK', 'CON', 'SMY', 'BUL']}, 'homes': {'AUSTRIA': ['BUD', 'TRI', 'VIE'], 'ENGLAND': ['EDI', 'LON', 'LVP'], 'FRANCE': ['BRE', 'MAR', 'PAR'], 'GERMANY': ['BER', 'KIE', 'MUN'], 'ITALY': ['NAP', 'ROM', 'VEN'], 'RUSSIA': ['MOS', 'SEV', 'STP', 'WAR'], 'TURKEY': ['ANK', 'CON', 'SMY']}, 'influence': {'AUSTRIA': ['SER', 'TRI', 'ALB', 'BUD', 'GRE'], 'ENGLAND': ['EDI', 'LON', 'LVP'], 'FRANCE': ['BRE', 'MAR', 'PAR', 'GAS', 'SPA'], 'GERMANY': ['BER', 'MUN', 'KIE', 'RUH', 'HOL', 'SKA', 'BEL', 'PIC', 'DEN', 'BUR', 'BAL'], 'ITALY': ['VEN', 'ROM', 'TUS', 'NAP'], 'RUSSIA': ['WAR', 'MOS', 'SEV', 'STP', 'BOT', 'VIE', 'SWE', 'NWY', 'GAL', 'UKR'], 'TURKEY': ['ANK', 'SMY', 'BUL', 'CON', 'RUM']}, 'civil_disorder': {'AUSTRIA': 0, 'ENGLAND': 0, 'FRANCE': 0, 'GERMANY': 0, 'ITALY': 0, 'RUSSIA': 0, 'TURKEY': 0}, 'builds': {'AUSTRIA': {'count': 0, 'homes': []}, 'ENGLAND': {'count': 0, 'homes': []}, 'FRANCE': {'count': 0, 'homes': []}, 'GERMANY': {'count': 0, 'homes': []}, 'ITALY': {'count': 0, 'homes': []}, 'RUSSIA': {'count': 0, 'homes': []}, 'TURKEY': {'count': 0, 'homes': []}}, 'game_id': 'ljofZXL_ZI9sN-4Z', 'map': 'standard', 'rules': ['POWER_CHOICE']}","{'AUSTRIA': ['A TRI - VIE', 'F GRE - BUL/SC', 'A BUD S A TRI - VIE', 'A SER S F GRE - BUL'], 'ENGLAND': [], 'FRANCE': ['F GAS S A PIC - BRE', 'F MAR S A TUS - PIE', 'A PAR S A PIC - BRE', 'A SPA S A BUR - GAS'], 'GERMANY': ['A BEL - PIC', 'F DEN S F BAL - SWE', 'F SKA - NWY', 'A PIC S A BUR - PAR', 'A BUR - PAR', 'F BAL - SWE'], 'ITALY': ['F NAP - TYS', 'A TUS S A TRI - VEN', 'A VEN - APU'], 'RUSSIA': ['F NWY S F SWE', 'F SWE S F NWY', 'F SEV S A UKR - RUM', 'A UKR - RUM', 'A GAL S A VIE - BUD', 'A VIE - BUD'], 'TURKEY': ['A RUM S A BUD', 'F ANK - BLA', 'A CON - BUL']}","{'A SER': [], 'A BUD': ['cut', 'dislodged'], 'F GRE': [], 'A TRI': [], 'F EDI': [], 'F LON': [], 'A LVP': [], 'A PAR': ['void', 'dislodged'], 'F GAS': ['void'], 'A SPA': ['void'], 'F MAR': ['void'], 'F SKA': ['bounce'], 'A BEL': ['bounce'], 'A PIC': [], 'F DEN': [], 'A BUR': [], 'F BAL': [], 'A VEN': [], 'A TUS': ['void'], 'F NAP': [], 'F SEV': [], 'A VIE': [], 'F SWE': ['cut', 'dislodged'], 'F NWY': ['cut'], 'A GAL': [], 'A UKR': [], 'F ANK': [], 'A CON': ['bounce'], 'A RUM': ['cut', 'dislodged']}","[{'sender': 'AUSTRIA', 'recipient': 'ENGLAND', 'time_sent': 1655257012617815, 'phase': 'F1902M', 'message': 'XDO (A LVP - YOR)'}, {'sender': 'AUSTRIA', 'recipient': 'FRANCE', 'time_sent': 1655257012892439, 'phase': 'F1902M', 'message': 'ORR (XDO (F GAS - BRE)) (XDO (A SPA - POR))'}, {'sender': 'AUSTRIA', 'recipient': 'GERMANY', 'time_sent': 1655257013168344, 'phase': 'F1902M', 'message': 'ORR (XDO (F SKA - NWY)) (XDO (A PIC S A BUR - PAR))'}, {'sender': 'AUSTRIA', 'recipient': 'ITALY', 'time_sent': 1655257013440874, 'phase': 'F1902M', 'message': 'XDO (F NAP - TYS)'}, {'sender': 'AUSTRIA', 'recipient': 'RUSSIA', 'time_sent': 1655257013717856, 'phase': 'F1902M', 'message': 'ORR (XDO (F NWY S F SWE)) (XDO (F SWE S F NWY)) (XDO (F SEV S A UKR - RUM)) (XDO (A GAL S A VIE - BUD))'}, {'sender': 'AUSTRIA', 'recipient': 'TURKEY', 'time_sent': 1655257013991556, 'phase': 'F1902M', 'message': 'XDO (F ANK - BLA)'}, {'sender': 'TURKEY', 'recipient': 'AUSTRIA', 'time_sent': 1655257014259131, 'phase': 'F1902M', 'message': 'YES (XDO (F ANK - BLA))'}]"
F1902R,"{'timestamp': 1655257015885012, 'zobrist_hash': '8364842820159737106', 'note': '', 'name': 'F1902R', 'units': {'AUSTRIA': ['A SER', 'F BUL/SC', 'A VIE', '*A BUD'], 'ENGLAND': ['F EDI', 'F LON', 'A LVP'], 'FRANCE': ['F GAS', 'A SPA', 'F MAR', '*A PAR'], 'GERMANY': ['F SKA', 'A BEL', 'A PIC', 'F DEN', 'A PAR', 'F SWE'], 'ITALY': ['A TUS', 'A APU', 'F TYS'], 'RUSSIA': ['F SEV', 'F NWY', 'A GAL', 'A BUD', 'A RUM', '*F SWE'], 'TURKEY': ['A CON', 'F BLA']}, 'retreats': {'AUSTRIA': {'A BUD': ['TRI']}, 'ENGLAND': {}, 'FRANCE': {'A PAR': ['BRE']}, 'GERMANY': {}, 'ITALY': {}, 'RUSSIA': {'F SWE': ['BOT', 'FIN']}, 'TURKEY': {}}, 'centers': {'AUSTRIA': ['BUD', 'TRI', 'GRE', 'SER'], 'ENGLAND': ['EDI', 'LON', 'LVP'], 'FRANCE': ['BRE', 'MAR', 'PAR', 'SPA'], 'GERMANY': ['BER', 'KIE', 'MUN', 'BEL', 'DEN', 'HOL'], 'ITALY': ['NAP', 'ROM', 'VEN'], 'RUSSIA': ['MOS', 'SEV', 'STP', 'WAR', 'VIE', 'RUM'], 'TURKEY': ['ANK', 'CON', 'SMY', 'BUL']}, 'homes': {'AUSTRIA': ['BUD', 'TRI', 'VIE'], 'ENGLAND': ['EDI', 'LON', 'LVP'], 'FRANCE': ['BRE', 'MAR', 'PAR'], 'GERMANY': ['BER', 'KIE', 'MUN'], 'ITALY': ['NAP', 'ROM', 'VEN'], 'RUSSIA': ['MOS', 'SEV', 'STP', 'WAR'], 'TURKEY': ['ANK', 'CON', 'SMY']}, 'influence': {'AUSTRIA': ['SER', 'TRI', 'ALB', 'GRE', 'BUL', 'VIE'], 'ENGLAND': ['EDI', 'LON', 'LVP'], 'FRANCE': ['BRE', 'MAR', 'GAS', 'SPA'], 'GERMANY': ['BER', 'MUN', 'KIE', 'RUH', 'HOL', 'SKA', 'BEL', 'PIC', 'DEN', 'BUR', 'BAL', 'PAR', 'SWE'], 'ITALY': ['VEN', 'ROM', 'TUS', 'NAP', 'APU', 'TYS'], 'RUSSIA': ['WAR', 'MOS', 'SEV', 'STP', 'BOT', 'NWY', 'GAL', 'UKR', 'BUD', 'RUM'], 'TURKEY': ['ANK', 'SMY', 'CON', 'BLA']}, 'civil_disorder': {'AUSTRIA': 0, 'ENGLAND': 0, 'FRANCE': 0, 'GERMANY': 0, 'ITALY': 0, 'RUSSIA': 0, 'TURKEY': 0}, 'builds': {'AUSTRIA': {'count': 0, 'homes': []}, 'ENGLAND': {'count': 0, 'homes': []}, 'FRANCE': {'count': 0, 'homes': []}, 'GERMANY': {'count': 0, 'homes': []}, 'ITALY': {'count': 0, 'homes': []}, 'RUSSIA': {'count': 0, 'homes': []}, 'TURKEY': {'count': 0, 'homes': []}}, 'game_id': 'ljofZXL_ZI9sN-4Z', 'map': 'standard', 'rules': ['POWER_CHOICE']}","{'AUSTRIA': ['A BUD R TRI'], 'ENGLAND': [], 'FRANCE': ['A PAR R BRE'], 'GERMANY': [], 'ITALY': [], 'RUSSIA': ['F SWE D'], 'TURKEY': []}","{'A BUD': [], 'A PAR': [], 'F SWE': ['disband'], 'A RUM': ['void', 'disband'], 'F ANK': ['void'], 'A CON': ['void']}",[]
W1902A,"{'timestamp': 1655257016705185, 'zobrist_hash': '1517618968130836553', 'note': '', 'name': 'W1902A', 'units': {'AUSTRIA': ['A SER', 'F BUL/SC', 'A VIE', 'A TRI'], 'ENGLAND': ['F EDI', 'F LON', 'A LVP'], 'FRANCE': ['F GAS', 'A SPA', 'F MAR', 'A BRE'], 'GERMANY': ['F SKA', 'A BEL', 'A PIC', 'F DEN', 'A PAR', 'F SWE'], 'ITALY': ['A TUS', 'A APU', 'F TYS'], 'RUSSIA': ['F SEV', 'F NWY', 'A GAL', 'A BUD', 'A RUM'], 'TURKEY': ['A CON', 'F BLA']}, 'retreats': {'AUSTRIA': {}, 'ENGLAND': {}, 'FRANCE': {}, 'GERMANY': {}, 'ITALY': {}, 'RUSSIA': {}, 'TURKEY': {}}, 'centers': {'AUSTRIA': ['TRI', 'GRE', 'SER', 'VIE', 'BUL'], 'ENGLAND': ['EDI', 'LON', 'LVP'], 'FRANCE': ['BRE', 'MAR', 'SPA'], 'GERMANY': ['BER', 'KIE', 'MUN', 'BEL', 'DEN', 'HOL', 'PAR', 'SWE'], 'ITALY': ['NAP', 'ROM', 'VEN'], 'RUSSIA': ['MOS', 'SEV', 'STP', 'WAR', 'RUM', 'BUD', 'NWY'], 'TURKEY': ['ANK', 'CON', 'SMY']}, 'homes': {'AUSTRIA': ['BUD', 'TRI', 'VIE'], 'ENGLAND': ['EDI', 'LON', 'LVP'], 'FRANCE': ['BRE', 'MAR', 'PAR'], 'GERMANY': ['BER', 'KIE', 'MUN'], 'ITALY': ['NAP', 'ROM', 'VEN'], 'RUSSIA': ['MOS', 'SEV', 'STP', 'WAR'], 'TURKEY': ['ANK', 'CON', 'SMY']}, 'influence': {'AUSTRIA': ['SER', 'ALB', 'GRE', 'BUL', 'VIE', 'TRI'], 'ENGLAND': ['EDI', 'LON', 'LVP'], 'FRANCE': ['MAR', 'GAS', 'SPA', 'BRE'], 'GERMANY': ['BER', 'MUN', 'KIE', 'RUH', 'HOL', 'SKA', 'BEL', 'PIC', 'DEN', 'BUR', 'BAL', 'PAR', 'SWE'], 'ITALY': ['VEN', 'ROM', 'TUS', 'NAP', 'APU', 'TYS'], 'RUSSIA': ['WAR', 'MOS', 'SEV', 'STP', 'BOT', 'NWY', 'GAL', 'UKR', 'BUD', 'RUM'], 'TURKEY': ['ANK', 'SMY', 'CON', 'BLA']}, 'civil_disorder': {'AUSTRIA': 0, 'ENGLAND': 0, 'FRANCE': 0, 'GERMANY': 0, 'ITALY': 0, 'RUSSIA': 0, 'TURKEY': 0}, 'builds': {'AUSTRIA': {'count': 0, 'homes': []}, 'ENGLAND': {'count': 0, 'homes': []}, 'FRANCE': {'count': -1, 'homes': []}, 'GERMANY': {'count': 2, 'homes': ['BER', 'KIE', 'MUN']}, 'ITALY': {'count': 0, 'homes': []}, 'RUSSIA': {'count': 2, 'homes': ['MOS', 'STP', 'WAR']}, 'TURKEY': {'count': 1, 'homes': ['ANK', 'SMY']}}, 'game_id': 'ljofZXL_ZI9sN-4Z', 'map': 'standard', 'rules': ['POWER_CHOICE']}","{'AUSTRIA': [], 'ENGLAND': [], 'FRANCE': ['A BRE D', 'F GAS D', 'F MAR D', 'A SPA D'], 'GERMANY': ['F KIE B', 'A MUN B'], 'ITALY': [], 'RUSSIA': ['A STP B', 'A MOS B'], 'TURKEY': []}","{'A BRE': [''], 'F GAS': ['void'], 'F MAR': ['void'], 'A SPA': ['void'], 'F KIE': [''], 'A MUN': [''], 'A STP': [''], 'A MOS': [''], 'A RUM': ['void'], 'F ANK': ['void'], 'A CON': ['void']}",[]
S1903M,"{'timestamp': 1655257019733285, 'zobrist_hash': '7646658050629684448', 'note': '', 'name': 'S1903M', 'units': {'AUSTRIA': ['A SER', 'F BUL/SC', 'A VIE', 'A TRI'], 'ENGLAND': ['F EDI', 'F LON', 'A LVP'], 'FRANCE': ['F GAS', 'A SPA', 'F MAR'], 'GERMANY': ['F SKA', 'A BEL', 'A PIC', 'F DEN', 'A PAR', 'F SWE', 'F KIE', 'A MUN'], 'ITALY': ['A TUS', 'A APU', 'F TYS'], 'RUSSIA': ['F SEV', 'F NWY', 'A GAL', 'A BUD', 'A RUM', 'A STP', 'A MOS'], 'TURKEY': ['A CON', 'F BLA']}, 'retreats': {'AUSTRIA': {}, 'ENGLAND': {}, 'FRANCE': {}, 'GERMANY': {}, 'ITALY': {}, 'RUSSIA': {}, 'TURKEY': {}}, 'centers': {'AUSTRIA': ['TRI', 'GRE', 'SER', 'VIE', 'BUL'], 'ENGLAND': ['EDI', 'LON', 'LVP'], 'FRANCE': ['BRE', 'MAR', 'SPA'], 'GERMANY': ['BER', 'KIE', 'MUN', 'BEL', 'DEN', 'HOL', 'PAR', 'SWE'], 'ITALY': ['NAP', 'ROM', 'VEN'], 'RUSSIA': ['MOS', 'SEV', 'STP', 'WAR', 'RUM', 'BUD', 'NWY'], 'TURKEY': ['ANK', 'CON', 'SMY']}, 'homes': {'AUSTRIA': ['BUD', 'TRI', 'VIE'], 'ENGLAND': ['EDI', 'LON', 'LVP'], 'FRANCE': ['BRE', 'MAR', 'PAR'], 'GERMANY': ['BER', 'KIE', 'MUN'], 'ITALY': ['NAP', 'ROM', 'VEN'], 'RUSSIA': ['MOS', 'SEV', 'STP', 'WAR'], 'TURKEY': ['ANK', 'CON', 'SMY']}, 'influence': {'AUSTRIA': ['SER', 'ALB', 'GRE', 'BUL', 'VIE', 'TRI'], 'ENGLAND': ['EDI', 'LON', 'LVP'], 'FRANCE': ['MAR', 'GAS', 'SPA', 'BRE'], 'GERMANY': ['BER', 'MUN', 'KIE', 'RUH', 'HOL', 'SKA', 'BEL', 'PIC', 'DEN', 'BUR', 'BAL', 'PAR', 'SWE'], 'ITALY': ['VEN', 'ROM', 'TUS', 'NAP', 'APU', 'TYS'], 'RUSSIA': ['WAR', 'MOS', 'SEV', 'STP', 'BOT', 'NWY', 'GAL', 'UKR', 'BUD', 'RUM'], 'TURKEY': ['ANK', 'SMY', 'CON', 'BLA']}, 'civil_disorder': {'AUSTRIA': 0, 'ENGLAND': 0, 'FRANCE': 0, 'GERMANY': 0, 'ITALY': 0, 'RUSSIA': 0, 'TURKEY': 0}, 'builds': {'AUSTRIA': {'count': 0, 'homes': []}, 'ENGLAND': {'count': 0, 'homes': []}, 'FRANCE': {'count': 0, 'homes': []}, 'GERMANY': {'count': 0, 'homes': []}, 'ITALY': {'count': 0, 'homes': []}, 'RUSSIA': {'count': 0, 'homes': []}, 'TURKEY': {'count': 0, 'homes': []}}, 'game_id': 'ljofZXL_ZI9sN-4Z', 'map': 'standard', 'rules': ['POWER_CHOICE']}","{'AUSTRIA': ['A VIE S A TRI - BUD', 'A TRI - BUD', 'A SER S A TRI - BUD', 'F BUL/SC H'], 'ENGLAND': [], 'FRANCE': ['F GAS - BRE', 'F MAR H', 'A SPA H'], 'GERMANY': ['A BEL S A MUN - BUR', 'F DEN - NTH', 'F SKA S F DEN - NTH', 'A PIC - BRE', 'F KIE - HOL', 'F SWE S F SKA - NWY', 'A PAR S A PIC - BRE', 'A MUN - BUR'], 'ITALY': ['A APU S A TRI - VEN', 'A TUS S A APU - ROM', 'F TYS S A TUS - ROM'], 'RUSSIA': ['F NWY S A STP', 'A STP S F NWY', 'A MOS - UKR', 'F SEV - ARM', 'A GAL - VIE', 'A RUM - SER', 'A BUD S A GAL - VIE'], 'TURKEY': ['F BLA S A CON - BUL', 'A CON - BUL']}","{'A SER': ['cut'], 'F BUL/SC': ['dislodged'], 'A VIE': ['cut'], 'A TRI': ['bounce'], 'F EDI': [], 'F LON': [], 'A LVP': [], 'F GAS': ['bounce'], 'A SPA': [], 'F MAR': [], 'F SKA': [], 'A BEL': [], 'A PIC': [], 'F DEN': [], 'A PAR': [], 'F SWE': ['void'], 'F KIE': [], 'A MUN': [], 'A TUS': ['void'], 'A APU': ['void'], 'F TYS': ['void'], 'F SEV': [], 'F NWY': [], 'A GAL': ['bounce'], 'A BUD': ['cut'], 'A RUM': ['bounce'], 'A STP': [], 'A MOS': [], 'A CON': [], 'F BLA': []}","[{'sender': 'AUSTRIA', 'recipient': 'ENGLAND', 'time_sent': 1655257017273213, 'phase': 'S1903M', 'message': 'ORR (XDO (F EDI - NTH)) (XDO (A LVP - YOR))'}, {'sender': 'AUSTRIA', 'recipient': 'FRANCE', 'time_sent': 1655257017547659, 'phase': 'S1903M', 'message': 'ORR (XDO (A SPA - POR)) (XDO (F MAR - LYO))'}, {'sender': 'AUSTRIA', 'recipient': 'GERMANY', 'time_sent': 1655257017826300, 'phase': 'S1903M', 'message': 'ORR (XDO (A BEL S A MUN - BUR)) (XDO (F DEN - NTH)) (XDO (F SKA S F DEN - NTH)) (XDO (F KIE - HOL))'}, {'sender': 'AUSTRIA', 'recipient': 'ITALY', 'time_sent': 1655257018100207, 'phase': 'S1903M', 'message': 'XDO (A TUS - VEN)'}, {'sender': 'AUSTRIA', 'recipient': 'RUSSIA', 'time_sent': 1655257018378194, 'phase': 'S1903M', 'message': 'ORR (XDO (A STP S F NWY)) (XDO (F SEV - ARM)) (XDO (A GAL - VIE))'}, {'sender': 'AUSTRIA', 'recipient': 'TURKEY', 'time_sent': 1655257018648124, 'phase': 'S1903M', 'message': 'ORR (XDO (F BLA S A CON - BUL)) (XDO (A CON - BUL))'}, {'sender': 'TURKEY', 'recipient': 'AUSTRIA', 'time_sent': 1655257018915791, 'phase': 'S1903M', 'message': 'YES (ORR (XDO (F BLA S A CON - BUL)) (XDO (A CON - BUL)))'}]"
S1903R,"{'timestamp': 1655257020271049, 'zobrist_hash': '1408850248207319003', 'note': '', 'name': 'S1903R', 'units': {'AUSTRIA': ['A SER', 'A VIE', 'A TRI', '*F BUL/SC'], 'ENGLAND': ['F EDI', 'F LON', 'A LVP'], 'FRANCE': ['F GAS', 'A SPA', 'F MAR'], 'GERMANY': ['F SKA', 'A BEL', 'A PAR', 'F SWE', 'A BRE', 'F NTH', 'F HOL', 'A BUR'], 'ITALY': ['A TUS', 'A APU', 'F TYS'], 'RUSSIA': ['F NWY', 'A GAL', 'A BUD', 'A RUM', 'A STP', 'F ARM', 'A UKR'], 'TURKEY': ['F BLA', 'A BUL']}, 'retreats': {'AUSTRIA': {'F BUL/SC': ['AEG', 'GRE']}, 'ENGLAND': {}, 'FRANCE': {}, 'GERMANY': {}, 'ITALY': {}, 'RUSSIA': {}, 'TURKEY': {}}, 'centers': {'AUSTRIA': ['TRI', 'GRE', 'SER', 'VIE', 'BUL'], 'ENGLAND': ['EDI', 'LON', 'LVP'], 'FRANCE': ['BRE', 'MAR', 'SPA'], 'GERMANY': ['BER', 'KIE', 'MUN', 'BEL', 'DEN', 'HOL', 'PAR', 'SWE'], 'ITALY': ['NAP', 'ROM', 'VEN'], 'RUSSIA': ['MOS', 'SEV', 'STP', 'WAR', 'RUM', 'BUD', 'NWY'], 'TURKEY': ['ANK', 'CON', 'SMY']}, 'homes': {'AUSTRIA': ['BUD', 'TRI', 'VIE'], 'ENGLAND': ['EDI', 'LON', 'LVP'], 'FRANCE': ['BRE', 'MAR', 'PAR'], 'GERMANY': ['BER', 'KIE', 'MUN'], 'ITALY': ['NAP', 'ROM', 'VEN'], 'RUSSIA': ['MOS', 'SEV', 'STP', 'WAR'], 'TURKEY': ['ANK', 'CON', 'SMY']}, 'influence': {'AUSTRIA': ['SER', 'ALB', 'GRE', 'VIE', 'TRI'], 'ENGLAND': ['EDI', 'LON', 'LVP'], 'FRANCE': ['MAR', 'GAS', 'SPA'], 'GERMANY': ['BER', 'MUN', 'KIE', 'RUH', 'SKA', 'BEL', 'PIC', 'DEN', 'BAL', 'PAR', 'SWE', 'BRE', 'NTH', 'HOL', 'BUR'], 'ITALY': ['VEN', 'ROM', 'TUS', 'NAP', 'APU', 'TYS'], 'RUSSIA': ['WAR', 'MOS', 'SEV', 'STP', 'BOT', 'NWY', 'GAL', 'BUD', 'RUM', 'ARM', 'UKR'], 'TURKEY': ['ANK', 'SMY', 'CON', 'BLA', 'BUL']}, 'civil_disorder': {'AUSTRIA': 0, 'ENGLAND': 0, 'FRANCE': 0, 'GERMANY': 0, 'ITALY': 0, 'RUSSIA': 0, 'TURKEY': 0}, 'builds': {'AUSTRIA': {'count': 0, 'homes': []}, 'ENGLAND': {'count': 0, 'homes': []}, 'FRANCE': {'count': 0, 'homes': []}, 'GERMANY': {'count': 0, 'homes': []}, 'ITALY': {'count': 0, 'homes': []}, 'RUSSIA': {'count': 0, 'homes': []}, 'TURKEY': {'count': 0, 'homes': []}}, 'game_id': 'ljofZXL_ZI9sN-4Z', 'map': 'standard', 'rules': ['POWER_CHOICE']}","{'AUSTRIA': ['F BUL/SC R GRE'], 'ENGLAND': [], 'FRANCE': [], 'GERMANY': [], 'ITALY': [], 'RUSSIA': [], 'TURKEY': []}","{'F BUL/SC': [], 'F BLA': ['void'], 'A CON': ['void']}",[]
F1903M,"{'timestamp': 1655257023293424, 'zobrist_hash': '8766984484740922175', 'note': '', 'name': 'F1903M', 'units': {'AUSTRIA': ['A SER', 'A VIE', 'A TRI', 'F GRE'], 'ENGLAND': ['F EDI', 'F LON', 'A LVP'], 'FRANCE': ['F GAS', 'A SPA', 'F MAR'], 'GERMANY': ['F SKA', 'A BEL', 'A PAR', 'F SWE', 'A BRE', 'F NTH', 'F HOL', 'A BUR'], 'ITALY': ['A TUS', 'A APU', 'F TYS'], 'RUSSIA': ['F NWY', 'A GAL', 'A BUD', 'A RUM', 'A STP', 'F ARM', 'A UKR'], 'TURKEY': ['F BLA', 'A BUL']}, 'retreats': {'AUSTRIA': {}, 'ENGLAND': {}, 'FRANCE': {}, 'GERMANY': {}, 'ITALY': {}, 'RUSSIA': {}, 'TURKEY': {}}, 'centers': {'AUSTRIA': ['TRI', 'GRE', 'SER', 'VIE', 'BUL'], 'ENGLAND': ['EDI', 'LON', 'LVP'], 'FRANCE': ['BRE', 'MAR', 'SPA'], 'GERMANY': ['BER', 'KIE', 'MUN', 'BEL', 'DEN', 'HOL', 'PAR', 'SWE'], 'ITALY': ['NAP', 'ROM', 'VEN'], 'RUSSIA': ['MOS', 'SEV', 'STP', 'WAR', 'RUM', 'BUD', 'NWY'], 'TURKEY': ['ANK', 'CON', 'SMY']}, 'homes': {'AUSTRIA': ['BUD', 'TRI', 'VIE'], 'ENGLAND': ['EDI', 'LON', 'LVP'], 'FRANCE': ['BRE', 'MAR', 'PAR'], 'GERMANY': ['BER', 'KIE', 'MUN'], 'ITALY': ['NAP', 'ROM', 'VEN'], 'RUSSIA': ['MOS', 'SEV', 'STP', 'WAR'], 'TURKEY': ['ANK', 'CON', 'SMY']}, 'influence': {'AUSTRIA': ['SER', 'ALB', 'VIE', 'TRI', 'GRE'], 'ENGLAND': ['EDI', 'LON', 'LVP'], 'FRANCE': ['MAR', 'GAS', 'SPA'], 'GERMANY': ['BER', 'MUN', 'KIE', 'RUH', 'SKA', 'BEL', 'PIC', 'DEN', 'BAL', 'PAR', 'SWE', 'BRE', 'NTH', 'HOL', 'BUR'], 'ITALY': ['VEN', 'ROM', 'TUS', 'NAP', 'APU', 'TYS'], 'RUSSIA': ['WAR', 'MOS', 'SEV', 'STP', 'BOT', 'NWY', 'GAL', 'BUD', 'RUM', 'ARM', 'UKR'], 'TURKEY': ['ANK', 'SMY', 'CON', 'BLA', 'BUL']}, 'civil_disorder': {'AUSTRIA': 0, 'ENGLAND': 0, 'FRANCE': 0, 'GERMANY': 0, 'ITALY': 0, 'RUSSIA': 0, 'TURKEY': 0}, 'builds': {'AUSTRIA': {'count': 0, 'homes': []}, 'ENGLAND': {'count': 0, 'homes': []}, 'FRANCE': {'count': 0, 'homes': []}, 'GERMANY': {'count': 0, 'homes': []}, 'ITALY': {'count': 0, 'homes': []}, 'RUSSIA': {'count': 0, 'homes': []}, 'TURKEY': {'count': 0, 'homes': []}}, 'game_id': 'ljofZXL_ZI9sN-4Z', 'map': 'standard', 'rules': ['POWER_CHOICE']}","{'AUSTRIA': ['A VIE S A TRI - BUD', 'A TRI - BUD', 'F GRE - BUL/SC', 'A SER S A TRI - BUD'], 'ENGLAND': [], 'FRANCE': ['F GAS S A PAR - BRE', 'F MAR S F GAS - SPA/NC', 'A SPA S A BRE - GAS'], 'GERMANY': ['F NTH - NWY', 'A BEL S A BUR', 'F HOL - NTH', 'F SKA S F NTH - NWY', 'A BRE S A PAR - GAS', 'A BUR - MAR', 'F SWE S F NTH - NWY', 'A PAR - GAS'], 'ITALY': ['A APU S A TUS - NAP', 'A TUS S F MAR - PIE', 'F TYS - TUS'], 'RUSSIA': ['F NWY S A STP', 'A STP S F NWY', 'A UKR - SEV', 'A GAL - VIE', 'F ARM - ANK', 'A RUM - SER', 'A BUD S A GAL - VIE'], 'TURKEY': ['F BLA - ANK', 'A BUL - CON']}","{'A SER': ['cut'], 'A VIE': ['cut'], 'A TRI': ['bounce'], 'F GRE': [], 'F EDI': [], 'F LON': [], 'A LVP': [], 'F GAS': ['void', 'dislodged'], 'A SPA': ['void'], 'F MAR': ['void'], 'F SKA': [], 'A BEL': ['void'], 'A PAR': [], 'F SWE': [], 'A BRE': [], 'F NTH': [], 'F HOL': [], 'A BUR': ['bounce'], 'A TUS': ['void'], 'A APU': ['void'], 'F TYS': ['bounce'], 'F NWY': ['cut', 'dislodged'], 'A GAL': ['bounce'], 'A BUD': ['cut'], 'A RUM': ['bounce'], 'A STP': [], 'F ARM': ['bounce'], 'A UKR': [], 'F BLA': ['bounce'], 'A BUL': []}","[{'sender': 'AUSTRIA', 'recipient': 'ENGLAND', 'time_sent': 1655257020836668, 'phase': 'F1903M', 'message': 'ORR (XDO (F LON - NTH)) (XDO (A LVP - YOR))'}, {'sender': 'AUSTRIA', 'recipient': 'FRANCE', 'time_sent': 1655257021110682, 'phase': 'F1903M', 'message': 'ORR (XDO (F GAS - SPA/NC)) (XDO (A SPA - POR)) (XDO (F MAR H))'}, {'sender': 'AUSTRIA', 'recipient': 'GERMANY', 'time_sent': 1655257021387320, 'phase': 'F1903M', 'message': 'ORR (XDO (F NTH - NWY)) (XDO (F HOL - NTH)) (XDO (F SKA S F NTH - NWY)) (XDO (A BRE S A PAR - GAS))'}, {'sender': 'AUSTRIA', 'recipient': 'ITALY', 'time_sent': 1655257021660226, 'phase': 'F1903M', 'message': 'XDO (A APU S A TUS - VEN)'}, {'sender': 'AUSTRIA', 'recipient': 'RUSSIA', 'time_sent': 1655257021937667, 'phase': 'F1903M', 'message': 'ORR (XDO (F NWY S A STP)) (XDO (A STP S F NWY)) (XDO (A UKR - SEV)) (XDO (F ARM - ANK))'}, {'sender': 'AUSTRIA', 'recipient': 'TURKEY', 'time_sent': 1655257022209377, 'phase': 'F1903M', 'message': 'ORR (XDO (F BLA - ANK)) (XDO (A BUL - CON))'}, {'sender': 'TURKEY', 'recipient': 'AUSTRIA', 'time_sent': 1655257022477477, 'phase': 'F1903M', 'message': 'YES (ORR (XDO (F BLA - ANK)) (XDO (A BUL - CON)))'}]"
F1903R,"{'timestamp': 1655257023843033, 'zobrist_hash': '9044799509175086931', 'note': '', 'name': 'F1903R', 'units': {'AUSTRIA': ['A SER', 'A VIE', 'A TRI', 'F BUL/SC'], 'ENGLAND': ['F EDI', 'F LON', 'A LVP'], 'FRANCE': ['A SPA', 'F MAR', '*F GAS'], 'GERMANY': ['F SKA', 'A BEL', 'F SWE', 'A BRE', 'A BUR', 'A GAS', 'F NWY', 'F NTH'], 'ITALY': ['A TUS', 'A APU', 'F TYS'], 'RUSSIA': ['A GAL', 'A BUD', 'A RUM', 'A STP', 'F ARM', 'A SEV', '*F NWY'], 'TURKEY': ['F BLA', 'A CON']}, 'retreats': {'AUSTRIA': {}, 'ENGLAND': {}, 'FRANCE': {'F GAS': ['MAO']}, 'GERMANY': {}, 'ITALY': {}, 'RUSSIA': {'F NWY': ['BAR', 'NWG']}, 'TURKEY': {}}, 'centers': {'AUSTRIA': ['TRI', 'GRE', 'SER', 'VIE', 'BUL'], 'ENGLAND': ['EDI', 'LON', 'LVP'], 'FRANCE': ['BRE', 'MAR', 'SPA'], 'GERMANY': ['BER', 'KIE', 'MUN', 'BEL', 'DEN', 'HOL', 'PAR', 'SWE'], 'ITALY': ['NAP', 'ROM', 'VEN'], 'RUSSIA': ['MOS', 'SEV', 'STP', 'WAR', 'RUM', 'BUD', 'NWY'], 'TURKEY': ['ANK', 'CON', 'SMY']}, 'homes': {'AUSTRIA': ['BUD', 'TRI', 'VIE'], 'ENGLAND': ['EDI', 'LON', 'LVP'], 'FRANCE': ['BRE', 'MAR', 'PAR'], 'GERMANY': ['BER', 'KIE', 'MUN'], 'ITALY': ['NAP', 'ROM', 'VEN'], 'RUSSIA': ['MOS', 'SEV', 'STP', 'WAR'], 'TURKEY': ['ANK', 'CON', 'SMY']}, 'influence': {'AUSTRIA': ['SER', 'ALB', 'VIE', 'TRI', 'GRE', 'BUL'], 'ENGLAND': ['EDI', 'LON', 'LVP'], 'FRANCE': ['MAR', 'SPA'], 'GERMANY': ['BER', 'MUN', 'KIE', 'RUH', 'SKA', 'BEL', 'PIC', 'DEN', 'BAL', 'PAR', 'SWE', 'BRE', 'HOL', 'BUR', 'GAS', 'NWY', 'NTH'], 'ITALY': ['VEN', 'ROM', 'TUS', 'NAP', 'APU', 'TYS'], 'RUSSIA': ['WAR', 'MOS', 'STP', 'BOT', 'GAL', 'BUD', 'RUM', 'ARM', 'UKR', 'SEV'], 'TURKEY': ['ANK', 'SMY', 'BLA', 'CON']}, 'civil_disorder': {'AUSTRIA': 0, 'ENGLAND': 0, 'FRANCE': 0, 'GERMANY': 0, 'ITALY': 0, 'RUSSIA': 0, 'TURKEY': 0}, 'builds': {'AUSTRIA': {'count': 0, 'homes': []}, 'ENGLAND': {'count': 0, 'homes': []}, 'FRANCE': {'count': 0, 'homes': []}, 'GERMANY': {'count': 0, 'homes': []}, 'ITALY': {'count': 0, 'homes': []}, 'RUSSIA': {'count': 0, 'homes': []}, 'TURKEY': {'count': 0, 'homes': []}}, 'game_id': 'ljofZXL_ZI9sN-4Z', 'map': 'standard', 'rules': ['POWER_CHOICE']}","{'AUSTRIA': [], 'ENGLAND': [], 'FRANCE': ['F GAS D'], 'GERMANY': [], 'ITALY': [], 'RUSSIA': ['F NWY R NWG'], 'TURKEY': []}","{'F GAS': ['disband'], 'F NWY': [], 'F BLA': ['void'], 'A BUL': ['void']}",[]
W1903A,"{'timestamp': 1655257024665174, 'zobrist_hash': '7483901521579487990', 'note': '', 'name': 'W1903A', 'units': {'AUSTRIA': ['A SER', 'A VIE', 'A TRI', 'F BUL/SC'], 'ENGLAND': ['F EDI', 'F LON', 'A LVP'], 'FRANCE': ['A SPA', 'F MAR'], 'GERMANY': ['F SKA', 'A BEL', 'F SWE', 'A BRE', 'A BUR', 'A GAS', 'F NWY', 'F NTH'], 'ITALY': ['A TUS', 'A APU', 'F TYS'], 'RUSSIA': ['A GAL', 'A BUD', 'A RUM', 'A STP', 'F ARM', 'A SEV', 'F NWG'], 'TURKEY': ['F BLA', 'A CON']}, 'retreats': {'AUSTRIA': {}, 'ENGLAND': {}, 'FRANCE': {}, 'GERMANY': {}, 'ITALY': {}, 'RUSSIA': {}, 'TURKEY': {}}, 'centers': {'AUSTRIA': ['TRI', 'GRE', 'SER', 'VIE', 'BUL'], 'ENGLAND': ['EDI', 'LON', 'LVP'], 'FRANCE': ['MAR', 'SPA'], 'GERMANY': ['BER', 'KIE', 'MUN', 'BEL', 'DEN', 'HOL', 'PAR', 'SWE', 'BRE', 'NWY'], 'ITALY': ['NAP', 'ROM', 'VEN'], 'RUSSIA': ['MOS', 'SEV', 'STP', 'WAR', 'RUM', 'BUD'], 'TURKEY': ['ANK', 'CON', 'SMY']}, 'homes': {'AUSTRIA': ['BUD', 'TRI', 'VIE'], 'ENGLAND': ['EDI', 'LON', 'LVP'], 'FRANCE': ['BRE', 'MAR', 'PAR'], 'GERMANY': ['BER', 'KIE', 'MUN'], 'ITALY': ['NAP', 'ROM', 'VEN'], 'RUSSIA': ['MOS', 'SEV', 'STP', 'WAR'], 'TURKEY': ['ANK', 'CON', 'SMY']}, 'influence': {'AUSTRIA': ['SER', 'ALB', 'VIE', 'TRI', 'GRE', 'BUL'], 'ENGLAND': ['EDI', 'LON', 'LVP'], 'FRANCE': ['MAR', 'SPA'], 'GERMANY': ['BER', 'MUN', 'KIE', 'RUH', 'SKA', 'BEL', 'PIC', 'DEN', 'BAL', 'PAR', 'SWE', 'BRE', 'HOL', 'BUR', 'GAS', 'NWY', 'NTH'], 'ITALY': ['VEN', 'ROM', 'TUS', 'NAP', 'APU', 'TYS'], 'RUSSIA': ['WAR', 'MOS', 'STP', 'BOT', 'GAL', 'BUD', 'RUM', 'ARM', 'UKR', 'SEV', 'NWG'], 'TURKEY': ['ANK', 'SMY', 'BLA', 'CON']}, 'civil_disorder': {'AUSTRIA': 0, 'ENGLAND': 0, 'FRANCE': 0, 'GERMANY': 0, 'ITALY': 0, 'RUSSIA': 0, 'TURKEY': 0}, 'builds': {'AUSTRIA': {'count': 0, 'homes': []}, 'ENGLAND': {'count': 0, 'homes': []}, 'FRANCE': {'count': 0, 'homes': []}, 'GERMANY': {'count': 2, 'homes': ['BER', 'KIE', 'MUN']}, 'ITALY': {'count': 0, 'homes': []}, 'RUSSIA': {'count': -1, 'homes': []}, 'TURKEY': {'count': 1, 'homes': ['ANK', 'SMY']}}, 'game_id': 'ljofZXL_ZI9sN-4Z', 'map': 'standard', 'rules': ['POWER_CHOICE']}","{'AUSTRIA': [], 'ENGLAND': [], 'FRANCE': [], 'GERMANY': ['A MUN B', 'A BER B'], 'ITALY': [], 'RUSSIA': ['F NWG D'], 'TURKEY': []}","{'A MUN': [''], 'A BER': [''], 'F NWG': [''], 'F BLA': ['void'], 'A BUL': ['void']}",[]
S1904M,"{'timestamp': 1655257027692796, 'zobrist_hash': '3885805985306162841', 'note': '', 'name': 'S1904M', 'units': {'AUSTRIA': ['A SER', 'A VIE', 'A TRI', 'F BUL/SC'], 'ENGLAND': ['F EDI', 'F LON', 'A LVP'], 'FRANCE': ['A SPA', 'F MAR'], 'GERMANY': ['F SKA', 'A BEL', 'F SWE', 'A BRE', 'A BUR', 'A GAS', 'F NWY', 'F NTH', 'A MUN', 'A BER'], 'ITALY': ['A TUS', 'A APU', 'F TYS'], 'RUSSIA': ['A GAL', 'A BUD', 'A RUM', 'A STP', 'F ARM', 'A SEV'], 'TURKEY': ['F BLA', 'A CON']}, 'retreats': {'AUSTRIA': {}, 'ENGLAND': {}, 'FRANCE': {}, 'GERMANY': {}, 'ITALY': {}, 'RUSSIA': {}, 'TURKEY': {}}, 'centers': {'AUSTRIA': ['TRI', 'GRE', 'SER', 'VIE', 'BUL'], 'ENGLAND': ['EDI', 'LON', 'LVP'], 'FRANCE': ['MAR', 'SPA'], 'GERMANY': ['BER', 'KIE', 'MUN', 'BEL', 'DEN', 'HOL', 'PAR', 'SWE', 'BRE', 'NWY'], 'ITALY': ['NAP', 'ROM', 'VEN'], 'RUSSIA': ['MOS', 'SEV', 'STP', 'WAR', 'RUM', 'BUD'], 'TURKEY': ['ANK', 'CON', 'SMY']}, 'homes': {'AUSTRIA': ['BUD', 'TRI', 'VIE'], 'ENGLAND': ['EDI', 'LON', 'LVP'], 'FRANCE': ['BRE', 'MAR', 'PAR'], 'GERMANY': ['BER', 'KIE', 'MUN'], 'ITALY': ['NAP', 'ROM', 'VEN'], 'RUSSIA': ['MOS', 'SEV', 'STP', 'WAR'], 'TURKEY': ['ANK', 'CON', 'SMY']}, 'influence': {'AUSTRIA': ['SER', 'ALB', 'VIE', 'TRI', 'GRE', 'BUL'], 'ENGLAND': ['EDI', 'LON', 'LVP'], 'FRANCE': ['MAR', 'SPA'], 'GERMANY': ['BER', 'MUN', 'KIE', 'RUH', 'SKA', 'BEL', 'PIC', 'DEN', 'BAL', 'PAR', 'SWE', 'BRE', 'HOL', 'BUR', 'GAS', 'NWY', 'NTH'], 'ITALY': ['VEN', 'ROM', 'TUS', 'NAP', 'APU', 'TYS'], 'RUSSIA': ['WAR', 'MOS', 'STP', 'BOT', 'GAL', 'BUD', 'RUM', 'ARM', 'UKR', 'SEV', 'NWG'], 'TURKEY': ['ANK', 'SMY', 'BLA', 'CON']}, 'civil_disorder': {'AUSTRIA': 0, 'ENGLAND': 0, 'FRANCE': 0, 'GERMANY': 0, 'ITALY': 0, 'RUSSIA': 0, 'TURKEY': 0}, 'builds': {'AUSTRIA': {'count': 0, 'homes': []}, 'ENGLAND': {'count': 0, 'homes': []}, 'FRANCE': {'count': 0, 'homes': []}, 'GERMANY': {'count': 0, 'homes': []}, 'ITALY': {'count': 0, 'homes': []}, 'RUSSIA': {'count': 0, 'homes': []}, 'TURKEY': {'count': 0, 'homes': []}}, 'game_id': 'ljofZXL_ZI9sN-4Z', 'map': 'standard', 'rules': ['POWER_CHOICE']}","{'AUSTRIA': ['A VIE S A TRI - BUD', 'A TRI - BUD', 'A SER S A TRI - BUD', 'F BUL/SC H'], 'ENGLAND': [], 'FRANCE': ['F MAR H', 'A SPA H'], 'GERMANY': ['F NTH C A BEL - YOR', 'A BEL - YOR VIA', 'F NWY S F NTH', 'F SKA S F NTH', 'A BRE S A GAS', 'A BUR - MAR', 'F SWE - FIN', 'A GAS S A BUR - MAR', 'A MUN - SIL', 'A BER - PRU'], 'ITALY': ['A APU - NAP', 'A TUS - VEN', 'F TYS S A TUS'], 'RUSSIA': ['A STP S F NWY', 'A SEV - ARM', 'A GAL - VIE', 'F ARM - BLA', 'A RUM - SER', 'A BUD S A GAL - VIE'], 'TURKEY': ['F BLA - ANK', 'A CON S F BLA - ANK']}","{'A SER': ['cut'], 'A VIE': ['cut'], 'A TRI': ['bounce'], 'F BUL/SC': [], 'F EDI': [], 'F LON': [], 'A LVP': [], 'A SPA': [], 'F MAR': ['dislodged'], 'F SKA': [], 'A BEL': [], 'F SWE': [], 'A BRE': [], 'A BUR': [], 'A GAS': [], 'F NWY': [], 'F NTH': [], 'A MUN': [], 'A BER': [], 'A TUS': [], 'A APU': [], 'F TYS': ['void'], 'A GAL': ['bounce'], 'A BUD': ['cut'], 'A RUM': ['bounce'], 'A STP': [], 'F ARM': [], 'A SEV': [], 'F BLA': [], 'A CON': []}","[{'sender': 'AUSTRIA', 'recipient': 'ENGLAND', 'time_sent': 1655257025233650, 'phase': 'S1904M', 'message': 'XDO (F EDI - NTH)'}, {'sender': 'AUSTRIA', 'recipient': 'FRANCE', 'time_sent': 1655257025504166, 'phase': 'S1904M', 'message': 'XDO (A SPA S F MAR)'}, {'sender': 'AUSTRIA', 'recipient': 'GERMANY', 'time_sent': 1655257025783537, 'phase': 'S1904M', 'message': 'ORR (XDO (F NTH C A BEL - YOR)) (XDO (A BEL - YOR VIA)) (XDO (F NWY S F NTH)) (XDO (A BRE S A GAS))'}, {'sender': 'AUSTRIA', 'recipient': 'ITALY', 'time_sent': 1655257026058428, 'phase': 'S1904M', 'message': 'ORR (XDO (F TYS - TUN)) (XDO (A TUS - VEN)) (XDO (A APU S A TUS - VEN))'}, {'sender': 'AUSTRIA', 'recipient': 'RUSSIA', 'time_sent': 1655257026334541, 'phase': 'S1904M', 'message': 'ORR (XDO (A STP S F NWY)) (XDO (A RUM - SER))'}, {'sender': 'AUSTRIA', 'recipient': 'TURKEY', 'time_sent': 1655257026606915, 'phase': 'S1904M', 'message': 'ORR (XDO (F BLA - ANK)) (XDO (A CON S F BLA - ANK))'}, {'sender': 'TURKEY', 'recipient': 'AUSTRIA', 'time_sent': 1655257026876219, 'phase': 'S1904M', 'message': 'YES (ORR (XDO (F BLA - ANK)) (XDO (A CON S F BLA - ANK)))'}]"
S1904R,"{'timestamp': 1655257027969579, 'zobrist_hash': '5961361847601365235', 'note': '', 'name': 'S1904R', 'units': {'AUSTRIA': ['A SER', 'A VIE', 'A TRI', 'F BUL/SC'], 'ENGLAND': ['F EDI', 'F LON', 'A LVP'], 'FRANCE': ['A SPA', '*F MAR'], 'GERMANY': ['F SKA', 'A BRE', 'A GAS', 'F NWY', 'F NTH', 'A YOR', 'F FIN', 'A MAR', 'A SIL', 'A PRU'], 'ITALY': ['F TYS', 'A VEN', 'A NAP'], 'RUSSIA': ['A GAL', 'A BUD', 'A RUM', 'A STP', 'F BLA', 'A ARM'], 'TURKEY': ['A CON', 'F ANK']}, 'retreats': {'AUSTRIA': {}, 'ENGLAND': {}, 'FRANCE': {'F MAR': ['LYO', 'PIE']}, 'GERMANY': {}, 'ITALY': {}, 'RUSSIA': {}, 'TURKEY': {}}, 'centers': {'AUSTRIA': ['TRI', 'GRE', 'SER', 'VIE', 'BUL'], 'ENGLAND': ['EDI', 'LON', 'LVP'], 'FRANCE': ['MAR', 'SPA'], 'GERMANY': ['BER', 'KIE', 'MUN', 'BEL', 'DEN', 'HOL', 'PAR', 'SWE', 'BRE', 'NWY'], 'ITALY': ['NAP', 'ROM', 'VEN'], 'RUSSIA': ['MOS', 'SEV', 'STP', 'WAR', 'RUM', 'BUD'], 'TURKEY': ['ANK', 'CON', 'SMY']}, 'homes': {'AUSTRIA': ['BUD', 'TRI', 'VIE'], 'ENGLAND': ['EDI', 'LON', 'LVP'], 'FRANCE': ['BRE', 'MAR', 'PAR'], 'GERMANY': ['BER', 'KIE', 'MUN'], 'ITALY': ['NAP', 'ROM', 'VEN'], 'RUSSIA': ['MOS', 'SEV', 'STP', 'WAR'], 'TURKEY': ['ANK', 'CON', 'SMY']}, 'influence': {'AUSTRIA': ['SER', 'ALB', 'VIE', 'TRI', 'GRE', 'BUL'], 'ENGLAND': ['EDI', 'LON', 'LVP'], 'FRANCE': ['SPA'], 'GERMANY': ['BER', 'MUN', 'KIE', 'RUH', 'SKA', 'BEL', 'PIC', 'DEN', 'BAL', 'PAR', 'SWE', 'BRE', 'HOL', 'BUR', 'GAS', 'NWY', 'NTH', 'YOR', 'FIN', 'MAR', 'SIL', 'PRU'], 'ITALY': ['ROM', 'TUS', 'APU', 'TYS', 'VEN', 'NAP'], 'RUSSIA': ['WAR', 'MOS', 'STP', 'BOT', 'GAL', 'BUD', 'RUM', 'UKR', 'SEV', 'NWG', 'BLA', 'ARM'], 'TURKEY': ['SMY', 'CON', 'ANK']}, 'civil_disorder': {'AUSTRIA': 0, 'ENGLAND': 0, 'FRANCE': 0, 'GERMANY': 0, 'ITALY': 0, 'RUSSIA': 0, 'TURKEY': 0}, 'builds': {'AUSTRIA': {'count': 0, 'homes': []}, 'ENGLAND': {'count': 0, 'homes': []}, 'FRANCE': {'count': 0, 'homes': []}, 'GERMANY': {'count': 0, 'homes': []}, 'ITALY': {'count': 0, 'homes': []}, 'RUSSIA': {'count': 0, 'homes': []}, 'TURKEY': {'count': 0, 'homes': []}}, 'game_id': 'ljofZXL_ZI9sN-4Z', 'map': 'standard', 'rules': ['POWER_CHOICE']}","{'AUSTRIA': [], 'ENGLAND': [], 'FRANCE': ['F MAR D'], 'GERMANY': [], 'ITALY': [], 'RUSSIA': [], 'TURKEY': []}","{'F MAR': ['disband'], 'F BLA': ['void'], 'A CON': ['void']}",[]
F1904M,"{'timestamp': 1655257030996839, 'zobrist_hash': '1152515025748775793', 'note': '', 'name': 'F1904M', 'units': {'AUSTRIA': ['A SER', 'A VIE', 'A TRI', 'F BUL/SC'], 'ENGLAND': ['F EDI', 'F LON', 'A LVP'], 'FRANCE': ['A SPA'], 'GERMANY': ['F SKA', 'A BRE', 'A GAS', 'F NWY', 'F NTH', 'A YOR', 'F FIN', 'A MAR', 'A SIL', 'A PRU'], 'ITALY': ['F TYS', 'A VEN', 'A NAP'], 'RUSSIA': ['A GAL', 'A BUD', 'A RUM', 'A STP', 'F BLA', 'A ARM'], 'TURKEY': ['A CON', 'F ANK']}, 'retreats': {'AUSTRIA': {}, 'ENGLAND': {}, 'FRANCE': {}, 'GERMANY': {}, 'ITALY': {}, 'RUSSIA': {}, 'TURKEY': {}}, 'centers': {'AUSTRIA': ['TRI', 'GRE', 'SER', 'VIE', 'BUL'], 'ENGLAND': ['EDI', 'LON', 'LVP'], 'FRANCE': ['MAR', 'SPA'], 'GERMANY': ['BER', 'KIE', 'MUN', 'BEL', 'DEN', 'HOL', 'PAR', 'SWE', 'BRE', 'NWY'], 'ITALY': ['NAP', 'ROM', 'VEN'], 'RUSSIA': ['MOS', 'SEV', 'STP', 'WAR', 'RUM', 'BUD'], 'TURKEY': ['ANK', 'CON', 'SMY']}, 'homes': {'AUSTRIA': ['BUD', 'TRI', 'VIE'], 'ENGLAND': ['EDI', 'LON', 'LVP'], 'FRANCE': ['BRE', 'MAR', 'PAR'], 'GERMANY': ['BER', 'KIE', 'MUN'], 'ITALY': ['NAP', 'ROM', 'VEN'], 'RUSSIA': ['MOS', 'SEV', 'STP', 'WAR'], 'TURKEY': ['ANK', 'CON', 'SMY']}, 'influence': {'AUSTRIA': ['SER', 'ALB', 'VIE', 'TRI', 'GRE', 'BUL'], 'ENGLAND': ['EDI', 'LON', 'LVP'], 'FRANCE': ['SPA'], 'GERMANY': ['BER', 'MUN', 'KIE', 'RUH', 'SKA', 'BEL', 'PIC', 'DEN', 'BAL', 'PAR', 'SWE', 'BRE', 'HOL', 'BUR', 'GAS', 'NWY', 'NTH', 'YOR', 'FIN', 'MAR', 'SIL', 'PRU'], 'ITALY': ['ROM', 'TUS', 'APU', 'TYS', 'VEN', 'NAP'], 'RUSSIA': ['WAR', 'MOS', 'STP', 'BOT', 'GAL', 'BUD', 'RUM', 'UKR', 'SEV', 'NWG', 'BLA', 'ARM'], 'TURKEY': ['SMY', 'CON', 'ANK']}, 'civil_disorder': {'AUSTRIA': 0, 'ENGLAND': 0, 'FRANCE': 0, 'GERMANY': 0, 'ITALY': 0, 'RUSSIA': 0, 'TURKEY': 0}, 'builds': {'AUSTRIA': {'count': 0, 'homes': []}, 'ENGLAND': {'count': 0, 'homes': []}, 'FRANCE': {'count': 0, 'homes': []}, 'GERMANY': {'count': 0, 'homes': []}, 'ITALY': {'count': 0, 'homes': []}, 'RUSSIA': {'count': 0, 'homes': []}, 'TURKEY': {'count': 0, 'homes': []}}, 'game_id': 'ljofZXL_ZI9sN-4Z', 'map': 'standard', 'rules': ['POWER_CHOICE']}","{'AUSTRIA': ['A VIE S A TRI - BUD', 'A TRI - BUD', 'A SER S A TRI - BUD', 'F BUL/SC H'], 'ENGLAND': [], 'FRANCE': ['A SPA S A MAR'], 'GERMANY': ['A YOR S F NTH - LON', 'F NTH - LON', 'F NWY S F FIN - STP', 'F SKA - NTH', 'A BRE - PAR', 'F FIN - STP/SC', 'A GAS - SPA', 'A MAR S A GAS - SPA', 'A PRU S A SIL - WAR', 'A SIL - WAR'], 'ITALY': ['A NAP S A VEN - ROM', 'F TYS - LYO', 'A VEN H'], 'RUSSIA': ['A STP - NWY', 'A GAL - VIE', 'A ARM - ANK', 'F BLA S A ARM - ANK', 'A RUM - SER', 'A BUD S A GAL - VIE'], 'TURKEY': ['F ANK S A CON', 'A CON S F ANK']}","{'A SER': ['cut'], 'A VIE': ['cut'], 'A TRI': ['bounce'], 'F BUL/SC': [], 'F EDI': [], 'F LON': ['dislodged'], 'A LVP': [], 'A SPA': ['cut', 'dislodged'], 'F SKA': [], 'A BRE': [], 'A GAS': [], 'F NWY': [], 'F NTH': [], 'A YOR': [], 'F FIN': [], 'A MAR': [], 'A SIL': [], 'A PRU': [], 'F TYS': [], 'A VEN': [], 'A NAP': ['void'], 'A GAL': ['bounce'], 'A BUD': ['cut'], 'A RUM': ['bounce'], 'A STP': ['bounce', 'dislodged'], 'F BLA': [], 'A ARM': ['bounce'], 'A CON': [], 'F ANK': ['cut']}","[{'sender': 'AUSTRIA', 'recipient': 'ENGLAND', 'time_sent': 1655257028537515, 'phase': 'F1904M', 'message': 'XDO (A LVP - YOR)'}, {'sender': 'AUSTRIA', 'recipient': 'GERMANY', 'time_sent': 1655257029084438, 'phase': 'F1904M', 'message': 'ORR (XDO (A YOR S F NTH - LON)) (XDO (F NTH - LON)) (XDO (F NWY S F FIN - STP)) (XDO (A BRE S A GAS))'}, {'sender': 'AUSTRIA', 'recipient': 'ITALY', 'time_sent': 1655257029358496, 'phase': 'F1904M', 'message': 'XDO (F TYS - TUN)'}, {'sender': 'AUSTRIA', 'recipient': 'RUSSIA', 'time_sent': 1655257029637946, 'phase': 'F1904M', 'message': 'ORR (XDO (A STP - NWY)) (XDO (A GAL - VIE)) (XDO (A ARM - ANK))'}, {'sender': 'AUSTRIA', 'recipient': 'TURKEY', 'time_sent': 1655257029909738, 'phase': 'F1904M', 'message': 'XDO (F ANK S A CON)'}, {'sender': 'TURKEY', 'recipient': 'AUSTRIA', 'time_sent': 1655257030179658, 'phase': 'F1904M', 'message': 'YES (XDO (F ANK S A CON))'}]"
F1904R,"{'timestamp': 1655257031546787, 'zobrist_hash': '3874899418778901964', 'note': '', 'name': 'F1904R', 'units': {'AUSTRIA': ['A SER', 'A VIE', 'A TRI', 'F BUL/SC'], 'ENGLAND': ['F EDI', 'A LVP', '*F LON'], 'FRANCE': ['*A SPA'], 'GERMANY': ['F NWY', 'A YOR', 'A MAR', 'A PRU', 'F NTH', 'A PAR', 'A SPA', 'F LON', 'F STP/SC', 'A WAR'], 'ITALY': ['A VEN', 'A NAP', 'F LYO'], 'RUSSIA': ['A GAL', 'A BUD', 'A RUM', 'F BLA', 'A ARM', '*A STP'], 'TURKEY': ['A CON', 'F ANK']}, 'retreats': {'AUSTRIA': {}, 'ENGLAND': {'F LON': ['ENG', 'WAL']}, 'FRANCE': {'A SPA': ['POR']}, 'GERMANY': {}, 'ITALY': {}, 'RUSSIA': {'A STP': ['LVN', 'MOS']}, 'TURKEY': {}}, 'centers': {'AUSTRIA': ['TRI', 'GRE', 'SER', 'VIE', 'BUL'], 'ENGLAND': ['EDI', 'LON', 'LVP'], 'FRANCE': ['MAR', 'SPA'], 'GERMANY': ['BER', 'KIE', 'MUN', 'BEL', 'DEN', 'HOL', 'PAR', 'SWE', 'BRE', 'NWY'], 'ITALY': ['NAP', 'ROM', 'VEN'], 'RUSSIA': ['MOS', 'SEV', 'STP', 'WAR', 'RUM', 'BUD'], 'TURKEY': ['ANK', 'CON', 'SMY']}, 'homes': {'AUSTRIA': ['BUD', 'TRI', 'VIE'], 'ENGLAND': ['EDI', 'LON', 'LVP'], 'FRANCE': ['BRE', 'MAR', 'PAR'], 'GERMANY': ['BER', 'KIE', 'MUN'], 'ITALY': ['NAP', 'ROM', 'VEN'], 'RUSSIA': ['MOS', 'SEV', 'STP', 'WAR'], 'TURKEY': ['ANK', 'CON', 'SMY']}, 'influence': {'AUSTRIA': ['SER', 'ALB', 'VIE', 'TRI', 'GRE', 'BUL'], 'ENGLAND': ['EDI', 'LVP'], 'FRANCE': [], 'GERMANY': ['BER', 'MUN', 'KIE', 'RUH', 'SKA', 'BEL', 'PIC', 'DEN', 'BAL', 'SWE', 'BRE', 'HOL', 'BUR', 'GAS', 'NWY', 'YOR', 'FIN', 'MAR', 'SIL', 'PRU', 'NTH', 'PAR', 'SPA', 'LON', 'STP', 'WAR'], 'ITALY': ['ROM', 'TUS', 'APU', 'TYS', 'VEN', 'NAP', 'LYO'], 'RUSSIA': ['MOS', 'BOT', 'GAL', 'BUD', 'RUM', 'UKR', 'SEV', 'NWG', 'BLA', 'ARM'], 'TURKEY': ['SMY', 'CON', 'ANK']}, 'civil_disorder': {'AUSTRIA': 0, 'ENGLAND': 0, 'FRANCE': 0, 'GERMANY': 0, 'ITALY': 0, 'RUSSIA': 0, 'TURKEY': 0}, 'builds': {'AUSTRIA': {'count': 0, 'homes': []}, 'ENGLAND': {'count': 0, 'homes': []}, 'FRANCE': {'count': 0, 'homes': []}, 'GERMANY': {'count': 0, 'homes': []}, 'ITALY': {'count': 0, 'homes': []}, 'RUSSIA': {'count': 0, 'homes': []}, 'TURKEY': {'count': 0, 'homes': []}}, 'game_id': 'ljofZXL_ZI9sN-4Z', 'map': 'standard', 'rules': ['POWER_CHOICE']}","{'AUSTRIA': [], 'ENGLAND': [], 'FRANCE': ['A SPA R POR'], 'GERMANY': [], 'ITALY': [], 'RUSSIA': ['A STP D'], 'TURKEY': []}","{'F LON': ['disband'], 'A SPA': [], 'A STP': ['disband'], 'F ANK': ['void'], 'A CON': ['void']}",[]
W1904A,"{'timestamp': 1655257032366004, 'zobrist_hash': '6559568366592401489', 'note': '', 'name': 'W1904A', 'units': {'AUSTRIA': ['A SER', 'A VIE', 'A TRI', 'F BUL/SC'], 'ENGLAND': ['F EDI', 'A LVP'], 'FRANCE': ['A POR'], 'GERMANY': ['F NWY', 'A YOR', 'A MAR', 'A PRU', 'F NTH', 'A PAR', 'A SPA', 'F LON', 'F STP/SC', 'A WAR'], 'ITALY': ['A VEN', 'A NAP', 'F LYO'], 'RUSSIA': ['A GAL', 'A BUD', 'A RUM', 'F BLA', 'A ARM'], 'TURKEY': ['A CON', 'F ANK']}, 'retreats': {'AUSTRIA': {}, 'ENGLAND': {}, 'FRANCE': {}, 'GERMANY': {}, 'ITALY': {}, 'RUSSIA': {}, 'TURKEY': {}}, 'centers': {'AUSTRIA': ['TRI', 'GRE', 'SER', 'VIE', 'BUL'], 'ENGLAND': ['EDI', 'LVP'], 'FRANCE': ['POR'], 'GERMANY': ['BER', 'KIE', 'MUN', 'BEL', 'DEN', 'HOL', 'PAR', 'SWE', 'BRE', 'NWY', 'LON', 'MAR', 'SPA', 'STP', 'WAR'], 'ITALY': ['NAP', 'ROM', 'VEN'], 'RUSSIA': ['MOS', 'SEV', 'RUM', 'BUD'], 'TURKEY': ['ANK', 'CON', 'SMY']}, 'homes': {'AUSTRIA': ['BUD', 'TRI', 'VIE'], 'ENGLAND': ['EDI', 'LON', 'LVP'], 'FRANCE': ['BRE', 'MAR', 'PAR'], 'GERMANY': ['BER', 'KIE', 'MUN'], 'ITALY': ['NAP', 'ROM', 'VEN'], 'RUSSIA': ['MOS', 'SEV', 'STP', 'WAR'], 'TURKEY': ['ANK', 'CON', 'SMY']}, 'influence': {'AUSTRIA': ['SER', 'ALB', 'VIE', 'TRI', 'GRE', 'BUL'], 'ENGLAND': ['EDI', 'LVP'], 'FRANCE': ['POR'], 'GERMANY': ['BER', 'MUN', 'KIE', 'RUH', 'SKA', 'BEL', 'PIC', 'DEN', 'BAL', 'SWE', 'BRE', 'HOL', 'BUR', 'GAS', 'NWY', 'YOR', 'FIN', 'MAR', 'SIL', 'PRU', 'NTH', 'PAR', 'SPA', 'LON', 'STP', 'WAR'], 'ITALY': ['ROM', 'TUS', 'APU', 'TYS', 'VEN', 'NAP', 'LYO'], 'RUSSIA': ['MOS', 'BOT', 'GAL', 'BUD', 'RUM', 'UKR', 'SEV', 'NWG', 'BLA', 'ARM'], 'TURKEY': ['SMY', 'CON', 'ANK']}, 'civil_disorder': {'AUSTRIA': 0, 'ENGLAND': 0, 'FRANCE': 0, 'GERMANY': 0, 'ITALY': 0, 'RUSSIA': 0, 'TURKEY': 0}, 'builds': {'AUSTRIA': {'count': 0, 'homes': []}, 'ENGLAND': {'count': 0, 'homes': []}, 'FRANCE': {'count': 0, 'homes': []}, 'GERMANY': {'count': 3, 'homes': ['BER', 'KIE', 'MUN']}, 'ITALY': {'count': 0, 'homes': []}, 'RUSSIA': {'count': -1, 'homes': []}, 'TURKEY': {'count': 1, 'homes': ['SMY']}}, 'game_id': 'ljofZXL_ZI9sN-4Z', 'map': 'standard', 'rules': ['POWER_CHOICE']}","{'AUSTRIA': [], 'ENGLAND': [], 'FRANCE': [], 'GERMANY': ['A KIE B', 'A MUN B', 'A BER B'], 'ITALY': [], 'RUSSIA': ['A ARM D'], 'TURKEY': []}","{'A KIE': [''], 'A MUN': [''], 'A BER': [''], 'A ARM': [''], 'F ANK': ['void'], 'A CON': ['void']}",[]
S1905M,"{'timestamp': 1655257035388845, 'zobrist_hash': '1923384721675123423', 'note': '', 'name': 'S1905M', 'units': {'AUSTRIA': ['A SER', 'A VIE', 'A TRI', 'F BUL/SC'], 'ENGLAND': ['F EDI', 'A LVP'], 'FRANCE': ['A POR'], 'GERMANY': ['F NWY', 'A YOR', 'A MAR', 'A PRU', 'F NTH', 'A PAR', 'A SPA', 'F LON', 'F STP/SC', 'A WAR', 'A KIE', 'A MUN', 'A BER'], 'ITALY': ['A VEN', 'A NAP', 'F LYO'], 'RUSSIA': ['A GAL', 'A BUD', 'A RUM', 'F BLA'], 'TURKEY': ['A CON', 'F ANK']}, 'retreats': {'AUSTRIA': {}, 'ENGLAND': {}, 'FRANCE': {}, 'GERMANY': {}, 'ITALY': {}, 'RUSSIA': {}, 'TURKEY': {}}, 'centers': {'AUSTRIA': ['TRI', 'GRE', 'SER', 'VIE', 'BUL'], 'ENGLAND': ['EDI', 'LVP'], 'FRANCE': ['POR'], 'GERMANY': ['BER', 'KIE', 'MUN', 'BEL', 'DEN', 'HOL', 'PAR', 'SWE', 'BRE', 'NWY', 'LON', 'MAR', 'SPA', 'STP', 'WAR'], 'ITALY': ['NAP', 'ROM', 'VEN'], 'RUSSIA': ['MOS', 'SEV', 'RUM', 'BUD'], 'TURKEY': ['ANK', 'CON', 'SMY']}, 'homes': {'AUSTRIA': ['BUD', 'TRI', 'VIE'], 'ENGLAND': ['EDI', 'LON', 'LVP'], 'FRANCE': ['BRE', 'MAR', 'PAR'], 'GERMANY': ['BER', 'KIE', 'MUN'], 'ITALY': ['NAP', 'ROM', 'VEN'], 'RUSSIA': ['MOS', 'SEV', 'STP', 'WAR'], 'TURKEY': ['ANK', 'CON', 'SMY']}, 'influence': {'AUSTRIA': ['SER', 'ALB', 'VIE', 'TRI', 'GRE', 'BUL'], 'ENGLAND': ['EDI', 'LVP'], 'FRANCE': ['POR'], 'GERMANY': ['BER', 'MUN', 'KIE', 'RUH', 'SKA', 'BEL', 'PIC', 'DEN', 'BAL', 'SWE', 'BRE', 'HOL', 'BUR', 'GAS', 'NWY', 'YOR', 'FIN', 'MAR', 'SIL', 'PRU', 'NTH', 'PAR', 'SPA', 'LON', 'STP', 'WAR'], 'ITALY': ['ROM', 'TUS', 'APU', 'TYS', 'VEN', 'NAP', 'LYO'], 'RUSSIA': ['MOS', 'BOT', 'GAL', 'BUD', 'RUM', 'UKR', 'SEV', 'NWG', 'BLA', 'ARM'], 'TURKEY': ['SMY', 'CON', 'ANK']}, 'civil_disorder': {'AUSTRIA': 0, 'ENGLAND': 0, 'FRANCE': 0, 'GERMANY': 0, 'ITALY': 0, 'RUSSIA': 0, 'TURKEY': 0}, 'builds': {'AUSTRIA': {'count': 0, 'homes': []}, 'ENGLAND': {'count': 0, 'homes': []}, 'FRANCE': {'count': 0, 'homes': []}, 'GERMANY': {'count': 0, 'homes': []}, 'ITALY': {'count': 0, 'homes': []}, 'RUSSIA': {'count': 0, 'homes': []}, 'TURKEY': {'count': 0, 'homes': []}}, 'game_id': 'ljofZXL_ZI9sN-4Z', 'map': 'standard', 'rules': ['POWER_CHOICE']}","{'AUSTRIA': ['A VIE S A TRI - BUD', 'A TRI - BUD', 'A SER S A TRI - BUD', 'F BUL/SC H'], 'ENGLAND': [], 'FRANCE': ['A POR H'], 'GERMANY': ['A YOR - LVP', 'F LON - WAL', 'F NTH - ENG', 'F NWY - NWG', 'A KIE - RUH', 'F STP/SC H', 'A PAR - GAS', 'A SPA S A MAR', 'A MAR S A SPA', 'A MUN - TYR', 'A BER - SIL', 'A PRU - LVN', 'A WAR - MOS'], 'ITALY': ['F LYO S A SPA - MAR', 'A NAP - APU', 'A VEN S A SPA - PIE'], 'RUSSIA': ['A GAL - VIE', 'F BLA S A CON - BUL', 'A RUM - SER', 'A BUD S A RUM - SER'], 'TURKEY': ['F ANK S A CON', 'A CON S F ANK']}","{'A SER': ['cut'], 'A VIE': ['cut'], 'A TRI': ['bounce'], 'F BUL/SC': [], 'F EDI': [], 'A LVP': [], 'A POR': [], 'F NWY': [], 'A YOR': ['bounce'], 'A MAR': [], 'A PRU': [], 'F NTH': [], 'A PAR': [], 'A SPA': [], 'F LON': [], 'F STP/SC': [], 'A WAR': [], 'A KIE': [], 'A MUN': [], 'A BER': [], 'A VEN': ['void'], 'A NAP': [], 'F LYO': ['void'], 'A GAL': ['bounce'], 'A BUD': ['cut'], 'A RUM': ['bounce'], 'F BLA': ['void'], 'A CON': [], 'F ANK': []}","[{'sender': 'AUSTRIA', 'recipient': 'ENGLAND', 'time_sent': 1655257032935840, 'phase': 'S1905M', 'message': 'XDO (F EDI - YOR)'}, {'sender': 'AUSTRIA', 'recipient': 'GERMANY', 'time_sent': 1655257033482546, 'phase': 'S1905M', 'message': 'XDO (F NWY - NWG)'}, {'sender': 'AUSTRIA', 'recipient': 'ITALY', 'time_sent': 1655257033755829, 'phase': 'S1905M', 'message': 'ORR (XDO (F LYO S A VEN - PIE)) (XDO (A VEN - PIE))'}, {'sender': 'AUSTRIA', 'recipient': 'RUSSIA', 'time_sent': 1655257034030273, 'phase': 'S1905M', 'message': 'ORR (XDO (A GAL - VIE)) (XDO (F BLA S A CON - BUL))'}, {'sender': 'AUSTRIA', 'recipient': 'TURKEY', 'time_sent': 1655257034303545, 'phase': 'S1905M', 'message': 'XDO (A CON S F ANK)'}, {'sender': 'TURKEY', 'recipient': 'AUSTRIA', 'time_sent': 1655257034573035, 'phase': 'S1905M', 'message': 'YES (XDO (A CON S F ANK))'}]"
F1905M,"{'timestamp': 1655257038415794, 'zobrist_hash': '7357515185792624202', 'note': '', 'name': 'F1905M', 'units': {'AUSTRIA': ['A SER', 'A VIE', 'A TRI', 'F BUL/SC'], 'ENGLAND': ['F EDI', 'A LVP'], 'FRANCE': ['A POR'], 'GERMANY': ['A YOR', 'A MAR', 'A SPA', 'F STP/SC', 'F NWG', 'A LVN', 'F ENG', 'A GAS', 'F WAL', 'A MOS', 'A RUH', 'A TYR', 'A SIL'], 'ITALY': ['A VEN', 'F LYO', 'A APU'], 'RUSSIA': ['A GAL', 'A BUD', 'A RUM', 'F BLA'], 'TURKEY': ['A CON', 'F ANK']}, 'retreats': {'AUSTRIA': {}, 'ENGLAND': {}, 'FRANCE': {}, 'GERMANY': {}, 'ITALY': {}, 'RUSSIA': {}, 'TURKEY': {}}, 'centers': {'AUSTRIA': ['TRI', 'GRE', 'SER', 'VIE', 'BUL'], 'ENGLAND': ['EDI', 'LVP'], 'FRANCE': ['POR'], 'GERMANY': ['BER', 'KIE', 'MUN', 'BEL', 'DEN', 'HOL', 'PAR', 'SWE', 'BRE', 'NWY', 'LON', 'MAR', 'SPA', 'STP', 'WAR'], 'ITALY': ['NAP', 'ROM', 'VEN'], 'RUSSIA': ['MOS', 'SEV', 'RUM', 'BUD'], 'TURKEY': ['ANK', 'CON', 'SMY']}, 'homes': {'AUSTRIA': ['BUD', 'TRI', 'VIE'], 'ENGLAND': ['EDI', 'LON', 'LVP'], 'FRANCE': ['BRE', 'MAR', 'PAR'], 'GERMANY': ['BER', 'KIE', 'MUN'], 'ITALY': ['NAP', 'ROM', 'VEN'], 'RUSSIA': ['MOS', 'SEV', 'STP', 'WAR'], 'TURKEY': ['ANK', 'CON', 'SMY']}, 'influence': {'AUSTRIA': ['SER', 'ALB', 'VIE', 'TRI', 'GRE', 'BUL'], 'ENGLAND': ['EDI', 'LVP'], 'FRANCE': ['POR'], 'GERMANY': ['BER', 'MUN', 'KIE', 'SKA', 'BEL', 'PIC', 'DEN', 'BAL', 'SWE', 'BRE', 'HOL', 'BUR', 'NWY', 'YOR', 'FIN', 'MAR', 'PRU', 'NTH', 'PAR', 'SPA', 'LON', 'STP', 'WAR', 'NWG', 'LVN', 'ENG', 'GAS', 'WAL', 'MOS', 'RUH', 'TYR', 'SIL'], 'ITALY': ['ROM', 'TUS', 'TYS', 'VEN', 'NAP', 'LYO', 'APU'], 'RUSSIA': ['BOT', 'GAL', 'BUD', 'RUM', 'UKR', 'SEV', 'BLA', 'ARM'], 'TURKEY': ['SMY', 'CON', 'ANK']}, 'civil_disorder': {'AUSTRIA': 0, 'ENGLAND': 0, 'FRANCE': 0, 'GERMANY': 0, 'ITALY': 0, 'RUSSIA': 0, 'TURKEY': 0}, 'builds': {'AUSTRIA': {'count': 0, 'homes': []}, 'ENGLAND': {'count': 0, 'homes': []}, 'FRANCE': {'count': 0, 'homes': []}, 'GERMANY': {'count': 0, 'homes': []}, 'ITALY': {'count': 0, 'homes': []}, 'RUSSIA': {'count': 0, 'homes': []}, 'TURKEY': {'count': 0, 'homes': []}}, 'game_id': 'ljofZXL_ZI9sN-4Z', 'map': 'standard', 'rules': ['POWER_CHOICE']}","{'AUSTRIA': ['A VIE S A TRI - BUD', 'A TRI - BUD', 'A SER S A TRI - BUD', 'F BUL/SC H'], 'ENGLAND': [], 'FRANCE': ['A POR S A GAS - SPA'], 'GERMANY': ['A YOR - LVP', 'F WAL S A YOR - LVP', 'F NWG - EDI', 'F ENG - MAO', 'A RUH - BUR', 'F STP/SC H', 'A GAS S A SPA', 'A SPA S A GAS', 'A MAR S A SPA', 'A LVN - STP', 'A MOS S A LVN - STP', 'A SIL - WAR', 'A TYR S A VIE'], 'ITALY': ['A APU - ROM', 'F LYO - TUS', 'A VEN - PIE'], 'RUSSIA': ['A GAL - VIE', 'F BLA S A RUM - BUL', 'A RUM - SER', 'A BUD S A GAL - VIE'], 'TURKEY': ['F ANK S A CON', 'A CON S F ANK']}","{'A SER': ['cut'], 'A VIE': ['cut'], 'A TRI': ['bounce'], 'F BUL/SC': [], 'F EDI': [], 'A LVP': ['dislodged'], 'A POR': ['void'], 'A YOR': [], 'A MAR': [], 'A SPA': [], 'F STP/SC': [], 'F NWG': ['bounce'], 'A LVN': ['bounce'], 'F ENG': [], 'A GAS': [], 'F WAL': [], 'A MOS': ['void'], 'A RUH': [], 'A TYR': [], 'A SIL': [], 'A VEN': [], 'F LYO': [], 'A APU': [], 'A GAL': ['bounce'], 'A BUD': ['cut'], 'A RUM': ['bounce'], 'F BLA': ['void'], 'A CON': [], 'F ANK': []}","[{'sender': 'AUSTRIA', 'recipient': 'ENGLAND', 'time_sent': 1655257035959076, 'phase': 'F1905M', 'message': 'XDO (A LVP S F EDI)'}, {'sender': 'AUSTRIA', 'recipient': 'FRANCE', 'time_sent': 1655257036229111, 'phase': 'F1905M', 'message': 'XDO (A POR - SPA)'}, {'sender': 'AUSTRIA', 'recipient': 'GERMANY', 'time_sent': 1655257036508319, 'phase': 'F1905M', 'message': 'ORR (XDO (A YOR - LVP)) (XDO (F NWG - EDI))'}, {'sender': 'AUSTRIA', 'recipient': 'ITALY', 'time_sent': 1655257036782503, 'phase': 'F1905M', 'message': 'ORR (XDO (A VEN - TRI)) (XDO (A APU - VEN))'}, {'sender': 'AUSTRIA', 'recipient': 'RUSSIA', 'time_sent': 1655257037057839, 'phase': 'F1905M', 'message': 'XDO (A BUD S A GAL - VIE)'}]"
F1905R,"{'timestamp': 1655257038693797, 'zobrist_hash': '6020558949866980004', 'note': '', 'name': 'F1905R', 'units': {'AUSTRIA': ['A SER', 'A VIE', 'A TRI', 'F BUL/SC'], 'ENGLAND': ['F EDI', '*A LVP'], 'FRANCE': ['A POR'], 'GERMANY': ['A MAR', 'A SPA', 'F STP/SC', 'F NWG', 'A LVN', 'A GAS', 'F WAL', 'A MOS', 'A TYR', 'A LVP', 'F MAO', 'A BUR', 'A WAR'], 'ITALY': ['A PIE', 'F TUS', 'A ROM'], 'RUSSIA': ['A GAL', 'A BUD', 'A RUM', 'F BLA'], 'TURKEY': ['A CON', 'F ANK']}, 'retreats': {'AUSTRIA': {}, 'ENGLAND': {'A LVP': ['CLY']}, 'FRANCE': {}, 'GERMANY': {}, 'ITALY': {}, 'RUSSIA': {}, 'TURKEY': {}}, 'centers': {'AUSTRIA': ['TRI', 'GRE', 'SER', 'VIE', 'BUL'], 'ENGLAND': ['EDI', 'LVP'], 'FRANCE': ['POR'], 'GERMANY': ['BER', 'KIE', 'MUN', 'BEL', 'DEN', 'HOL', 'PAR', 'SWE', 'BRE', 'NWY', 'LON', 'MAR', 'SPA', 'STP', 'WAR'], 'ITALY': ['NAP', 'ROM', 'VEN'], 'RUSSIA': ['MOS', 'SEV', 'RUM', 'BUD'], 'TURKEY': ['ANK', 'CON', 'SMY']}, 'homes': {'AUSTRIA': ['BUD', 'TRI', 'VIE'], 'ENGLAND': ['EDI', 'LON', 'LVP'], 'FRANCE': ['BRE', 'MAR', 'PAR'], 'GERMANY': ['BER', 'KIE', 'MUN'], 'ITALY': ['NAP', 'ROM', 'VEN'], 'RUSSIA': ['MOS', 'SEV', 'STP', 'WAR'], 'TURKEY': ['ANK', 'CON', 'SMY']}, 'influence': {'AUSTRIA': ['SER', 'ALB', 'VIE', 'TRI', 'GRE', 'BUL'], 'ENGLAND': ['EDI'], 'FRANCE': ['POR'], 'GERMANY': ['BER', 'MUN', 'KIE', 'SKA', 'BEL', 'PIC', 'DEN', 'BAL', 'SWE', 'BRE', 'HOL', 'NWY', 'YOR', 'FIN', 'MAR', 'PRU', 'NTH', 'PAR', 'SPA', 'LON', 'STP', 'NWG', 'LVN', 'ENG', 'GAS', 'WAL', 'MOS', 'RUH', 'TYR', 'SIL', 'LVP', 'MAO', 'BUR', 'WAR'], 'ITALY': ['TYS', 'VEN', 'NAP', 'LYO', 'APU', 'PIE', 'TUS', 'ROM'], 'RUSSIA': ['BOT', 'GAL', 'BUD', 'RUM', 'UKR', 'SEV', 'BLA', 'ARM'], 'TURKEY': ['SMY', 'CON', 'ANK']}, 'civil_disorder': {'AUSTRIA': 0, 'ENGLAND': 0, 'FRANCE': 0, 'GERMANY': 0, 'ITALY': 0, 'RUSSIA': 0, 'TURKEY': 0}, 'builds': {'AUSTRIA': {'count': 0, 'homes': []}, 'ENGLAND': {'count': 0, 'homes': []}, 'FRANCE': {'count': 0, 'homes': []}, 'GERMANY': {'count': 0, 'homes': []}, 'ITALY': {'count': 0, 'homes': []}, 'RUSSIA': {'count': 0, 'homes': []}, 'TURKEY': {'count': 0, 'homes': []}}, 'game_id': 'ljofZXL_ZI9sN-4Z', 'map': 'standard', 'rules': ['POWER_CHOICE']}","{'AUSTRIA': [], 'ENGLAND': [], 'FRANCE': [], 'GERMANY': [], 'ITALY': [], 'RUSSIA': [], 'TURKEY': []}","{'A LVP': ['disband'], 'F ANK': ['void'], 'A CON': ['void']}",[]
W1905A,"{'timestamp': 1655257039518211, 'zobrist_hash': '8145660839891222752', 'note': '', 'name': 'W1905A', 'units': {'AUSTRIA': ['A SER', 'A VIE', 'A TRI', 'F BUL/SC'], 'ENGLAND': ['F EDI'], 'FRANCE': ['A POR'], 'GERMANY': ['A MAR', 'A SPA', 'F STP/SC', 'F NWG', 'A LVN', 'A GAS', 'F WAL', 'A MOS', 'A TYR', 'A LVP', 'F MAO', 'A BUR', 'A WAR'], 'ITALY': ['A PIE', 'F TUS', 'A ROM'], 'RUSSIA': ['A GAL', 'A BUD', 'A RUM', 'F BLA'], 'TURKEY': ['A CON', 'F ANK']}, 'retreats': {'AUSTRIA': {}, 'ENGLAND': {}, 'FRANCE': {}, 'GERMANY': {}, 'ITALY': {}, 'RUSSIA': {}, 'TURKEY': {}}, 'centers': {'AUSTRIA': ['TRI', 'GRE', 'SER', 'VIE', 'BUL'], 'ENGLAND': ['EDI'], 'FRANCE': ['POR'], 'GERMANY': ['BER', 'KIE', 'MUN', 'BEL', 'DEN', 'HOL', 'PAR', 'SWE', 'BRE', 'NWY', 'LON', 'MAR', 'SPA', 'STP', 'WAR', 'LVP', 'MOS'], 'ITALY': ['NAP', 'ROM', 'VEN'], 'RUSSIA': ['SEV', 'RUM', 'BUD'], 'TURKEY': ['ANK', 'CON', 'SMY']}, 'homes': {'AUSTRIA': ['BUD', 'TRI', 'VIE'], 'ENGLAND': ['EDI', 'LON', 'LVP'], 'FRANCE': ['BRE', 'MAR', 'PAR'], 'GERMANY': ['BER', 'KIE', 'MUN'], 'ITALY': ['NAP', 'ROM', 'VEN'], 'RUSSIA': ['MOS', 'SEV', 'STP', 'WAR'], 'TURKEY': ['ANK', 'CON', 'SMY']}, 'influence': {'AUSTRIA': ['SER', 'ALB', 'VIE', 'TRI', 'GRE', 'BUL'], 'ENGLAND': ['EDI'], 'FRANCE': ['POR'], 'GERMANY': ['BER', 'MUN', 'KIE', 'SKA', 'BEL', 'PIC', 'DEN', 'BAL', 'SWE', 'BRE', 'HOL', 'NWY', 'YOR', 'FIN', 'MAR', 'PRU', 'NTH', 'PAR', 'SPA', 'LON', 'STP', 'NWG', 'LVN', 'ENG', 'GAS', 'WAL', 'MOS', 'RUH', 'TYR', 'SIL', 'LVP', 'MAO', 'BUR', 'WAR'], 'ITALY': ['TYS', 'VEN', 'NAP', 'LYO', 'APU', 'PIE', 'TUS', 'ROM'], 'RUSSIA': ['BOT', 'GAL', 'BUD', 'RUM', 'UKR', 'SEV', 'BLA', 'ARM'], 'TURKEY': ['SMY', 'CON', 'ANK']}, 'civil_disorder': {'AUSTRIA': 0, 'ENGLAND': 0, 'FRANCE': 0, 'GERMANY': 0, 'ITALY': 0, 'RUSSIA': 0, 'TURKEY': 0}, 'builds': {'AUSTRIA': {'count': 0, 'homes': []}, 'ENGLAND': {'count': 0, 'homes': []}, 'FRANCE': {'count': 0, 'homes': []}, 'GERMANY': {'count': 3, 'homes': ['BER', 'KIE', 'MUN']}, 'ITALY': {'count': 0, 'homes': []}, 'RUSSIA': {'count': -1, 'homes': []}, 'TURKEY': {'count': 1, 'homes': ['SMY']}}, 'game_id': 'ljofZXL_ZI9sN-4Z', 'map': 'standard', 'rules': ['POWER_CHOICE']}","{'AUSTRIA': [], 'ENGLAND': [], 'FRANCE': [], 'GERMANY': ['A KIE B', 'A MUN B', 'A BER B'], 'ITALY': [], 'RUSSIA': ['F BLA D'], 'TURKEY': []}","{'A KIE': [''], 'A MUN': [''], 'A BER': [''], 'F BLA': [''], 'F ANK': ['void'], 'A CON': ['void']}",[]
S1906M,"{'timestamp': 1655257042550358, 'zobrist_hash': '7296811692348435561', 'note': '', 'name': 'S1906M', 'units': {'AUSTRIA': ['A SER', 'A VIE', 'A TRI', 'F BUL/SC'], 'ENGLAND': ['F EDI'], 'FRANCE': ['A POR'], 'GERMANY': ['A MAR', 'A SPA', 'F STP/SC', 'F NWG', 'A LVN', 'A GAS', 'F WAL', 'A MOS', 'A TYR', 'A LVP', 'F MAO', 'A BUR', 'A WAR', 'A KIE', 'A MUN', 'A BER'], 'ITALY': ['A PIE', 'F TUS', 'A ROM'], 'RUSSIA': ['A GAL', 'A BUD', 'A RUM'], 'TURKEY': ['A CON', 'F ANK']}, 'retreats': {'AUSTRIA': {}, 'ENGLAND': {}, 'FRANCE': {}, 'GERMANY': {}, 'ITALY': {}, 'RUSSIA': {}, 'TURKEY': {}}, 'centers': {'AUSTRIA': ['TRI', 'GRE', 'SER', 'VIE', 'BUL'], 'ENGLAND': ['EDI'], 'FRANCE': ['POR'], 'GERMANY': ['BER', 'KIE', 'MUN', 'BEL', 'DEN', 'HOL', 'PAR', 'SWE', 'BRE', 'NWY', 'LON', 'MAR', 'SPA', 'STP', 'WAR', 'LVP', 'MOS'], 'ITALY': ['NAP', 'ROM', 'VEN'], 'RUSSIA': ['SEV', 'RUM', 'BUD'], 'TURKEY': ['ANK', 'CON', 'SMY']}, 'homes': {'AUSTRIA': ['BUD', 'TRI', 'VIE'], 'ENGLAND': ['EDI', 'LON', 'LVP'], 'FRANCE': ['BRE', 'MAR', 'PAR'], 'GERMANY': ['BER', 'KIE', 'MUN'], 'ITALY': ['NAP', 'ROM', 'VEN'], 'RUSSIA': ['MOS', 'SEV', 'STP', 'WAR'], 'TURKEY': ['ANK', 'CON', 'SMY']}, 'influence': {'AUSTRIA': ['SER', 'ALB', 'VIE', 'TRI', 'GRE', 'BUL'], 'ENGLAND': ['EDI'], 'FRANCE': ['POR'], 'GERMANY': ['BER', 'MUN', 'KIE', 'SKA', 'BEL', 'PIC', 'DEN', 'BAL', 'SWE', 'BRE', 'HOL', 'NWY', 'YOR', 'FIN', 'MAR', 'PRU', 'NTH', 'PAR', 'SPA', 'LON', 'STP', 'NWG', 'LVN', 'ENG', 'GAS', 'WAL', 'MOS', 'RUH', 'TYR', 'SIL', 'LVP', 'MAO', 'BUR', 'WAR'], 'ITALY': ['TYS', 'VEN', 'NAP', 'LYO', 'APU', 'PIE', 'TUS', 'ROM'], 'RUSSIA': ['BOT', 'GAL', 'BUD', 'RUM', 'UKR', 'SEV', 'BLA', 'ARM'], 'TURKEY': ['SMY', 'CON', 'ANK']}, 'civil_disorder': {'AUSTRIA': 0, 'ENGLAND': 0, 'FRANCE': 0, 'GERMANY': 0, 'ITALY': 0, 'RUSSIA': 0, 'TURKEY': 0}, 'builds': {'AUSTRIA': {'count': 0, 'homes': []}, 'ENGLAND': {'count': 0, 'homes': []}, 'FRANCE': {'count': 0, 'homes': []}, 'GERMANY': {'count': 0, 'homes': []}, 'ITALY': {'count': 0, 'homes': []}, 'RUSSIA': {'count': 0, 'homes': []}, 'TURKEY': {'count': 0, 'homes': []}}, 'game_id': 'ljofZXL_ZI9sN-4Z', 'map': 'standard', 'rules': ['POWER_CHOICE']}","{'AUSTRIA': ['A VIE S A TRI - BUD', 'A TRI - BUD', 'A SER S A TRI - BUD', 'F BUL/SC - AEG'], 'ENGLAND': [], 'FRANCE': ['A POR H'], 'GERMANY': ['A LVP - EDI', 'F WAL - ENG', 'F NWG S A LVP - EDI', 'F MAO - POR', 'A BUR - MAR', 'A KIE - RUH', 'F STP/SC - BOT', 'A GAS - SPA', 'A SPA S F MAO - POR', 'A MAR - PIE', 'A MUN - BOH', 'A BER - SIL', 'A LVN - MOS', 'A MOS - SEV', 'A TYR S A MAR - PIE', 'A WAR - UKR'], 'ITALY': ['A PIE S A VIE - TYR', 'A ROM H', 'F TUS S A MAR - PIE'], 'RUSSIA': ['A GAL - VIE', 'A RUM - SER', 'A BUD S A GAL - VIE'], 'TURKEY': ['F ANK - BLA', 'A CON - BUL']}","{'A SER': ['cut'], 'A VIE': ['cut'], 'A TRI': ['bounce'], 'F BUL/SC': [], 'F EDI': ['dislodged'], 'A POR': ['dislodged'], 'A MAR': [], 'A SPA': [], 'F STP/SC': [], 'F NWG': [], 'A LVN': [], 'A GAS': ['bounce'], 'F WAL': [], 'A MOS': [], 'A TYR': [], 'A LVP': [], 'F MAO': [], 'A BUR': [], 'A WAR': [], 'A KIE': [], 'A MUN': [], 'A BER': [], 'A PIE': ['void', 'dislodged'], 'F TUS': ['void'], 'A ROM': [], 'A GAL': ['bounce'], 'A BUD': ['cut'], 'A RUM': ['bounce'], 'A CON': [], 'F ANK': []}","[{'sender': 'AUSTRIA', 'recipient': 'FRANCE', 'time_sent': 1655257040359392, 'phase': 'S1906M', 'message': 'XDO (A POR - SPA)'}, {'sender': 'AUSTRIA', 'recipient': 'GERMANY', 'time_sent': 1655257040639181, 'phase': 'S1906M', 'message': 'ORR (XDO (A LVP - EDI)) (XDO (F WAL - ENG)) (XDO (A BUR - MAR))'}, {'sender': 'AUSTRIA', 'recipient': 'ITALY', 'time_sent': 1655257040913689, 'phase': 'S1906M', 'message': 'XDO (F TUS - LYO)'}, {'sender': 'AUSTRIA', 'recipient': 'RUSSIA', 'time_sent': 1655257041188793, 'phase': 'S1906M', 'message': 'ORR (XDO (A GAL - VIE)) (XDO (A RUM - SER))'}]"
S1906R,"{'timestamp': 1655257042833547, 'zobrist_hash': '5674815267064464254', 'note': '', 'name': 'S1906R', 'units': {'AUSTRIA': ['A SER', 'A VIE', 'A TRI', 'F AEG'], 'ENGLAND': ['*F EDI'], 'FRANCE': [], 'GERMANY': ['A SPA', 'F NWG', 'A GAS', 'A TYR', 'A PIE', 'F BOT', 'A MOS', 'F ENG', 'A SEV', 'A EDI', 'F POR', 'A MAR', 'A UKR', 'A RUH', 'A BOH', 'A SIL'], 'ITALY': ['F TUS', 'A ROM', '*A PIE'], 'RUSSIA': ['A GAL', 'A BUD', 'A RUM'], 'TURKEY': ['A BUL', 'F BLA']}, 'retreats': {'AUSTRIA': {}, 'ENGLAND': {'F EDI': ['CLY', 'NTH', 'YOR']}, 'FRANCE': {}, 'GERMANY': {}, 'ITALY': {'A PIE': ['VEN']}, 'RUSSIA': {}, 'TURKEY': {}}, 'centers': {'AUSTRIA': ['TRI', 'GRE', 'SER', 'VIE', 'BUL'], 'ENGLAND': ['EDI'], 'FRANCE': ['POR'], 'GERMANY': ['BER', 'KIE', 'MUN', 'BEL', 'DEN', 'HOL', 'PAR', 'SWE', 'BRE', 'NWY', 'LON', 'MAR', 'SPA', 'STP', 'WAR', 'LVP', 'MOS'], 'ITALY': ['NAP', 'ROM', 'VEN'], 'RUSSIA': ['SEV', 'RUM', 'BUD'], 'TURKEY': ['ANK', 'CON', 'SMY']}, 'homes': {'AUSTRIA': ['BUD', 'TRI', 'VIE'], 'ENGLAND': ['EDI', 'LON', 'LVP'], 'FRANCE': ['BRE', 'MAR', 'PAR'], 'GERMANY': ['BER', 'KIE', 'MUN'], 'ITALY': ['NAP', 'ROM', 'VEN'], 'RUSSIA': ['MOS', 'SEV', 'STP', 'WAR'], 'TURKEY': ['ANK', 'CON', 'SMY']}, 'influence': {'AUSTRIA': ['SER', 'ALB', 'VIE', 'TRI', 'GRE', 'AEG'], 'ENGLAND': [], 'FRANCE': [], 'GERMANY': ['BER', 'MUN', 'KIE', 'SKA', 'BEL', 'PIC', 'DEN', 'BAL', 'SWE', 'BRE', 'HOL', 'NWY', 'YOR', 'FIN', 'PRU', 'NTH', 'PAR', 'SPA', 'LON', 'STP', 'NWG', 'LVN', 'GAS', 'WAL', 'TYR', 'LVP', 'MAO', 'BUR', 'WAR', 'PIE', 'BOT', 'MOS', 'ENG', 'SEV', 'EDI', 'POR', 'MAR', 'UKR', 'RUH', 'BOH', 'SIL'], 'ITALY': ['TYS', 'VEN', 'NAP', 'LYO', 'APU', 'TUS', 'ROM'], 'RUSSIA': ['GAL', 'BUD', 'RUM', 'ARM'], 'TURKEY': ['SMY', 'CON', 'ANK', 'BUL', 'BLA']}, 'civil_disorder': {'AUSTRIA': 0, 'ENGLAND': 0, 'FRANCE': 0, 'GERMANY': 0, 'ITALY': 0, 'RUSSIA': 0, 'TURKEY': 0}, 'builds': {'AUSTRIA': {'count': 0, 'homes': []}, 'ENGLAND': {'count': 0, 'homes': []}, 'FRANCE': {'count': 0, 'homes': []}, 'GERMANY': {'count': 0, 'homes': []}, 'ITALY': {'count': 0, 'homes': []}, 'RUSSIA': {'count': 0, 'homes': []}, 'TURKEY': {'count': 0, 'homes': []}}, 'game_id': 'ljofZXL_ZI9sN-4Z', 'map': 'standard', 'rules': ['POWER_CHOICE']}","{'AUSTRIA': [], 'ENGLAND': [], 'FRANCE': [], 'GERMANY': [], 'ITALY': ['A PIE D'], 'RUSSIA': [], 'TURKEY': []}","{'F EDI': ['disband'], 'A PIE': ['disband'], 'F ANK': ['void'], 'A CON': ['void'], 'A POR': ['disband']}",[]
F1906M,"{'timestamp': 1655257045318449, 'zobrist_hash': '6422924893114046384', 'note': '', 'name': 'F1906M', 'units': {'AUSTRIA': ['A SER', 'A VIE', 'A TRI', 'F AEG'], 'ENGLAND': [], 'FRANCE': [], 'GERMANY': ['A SPA', 'F NWG', 'A GAS', 'A TYR', 'A PIE', 'F BOT', 'A MOS', 'F ENG', 'A SEV', 'A EDI', 'F POR', 'A MAR', 'A UKR', 'A RUH', 'A BOH', 'A SIL'], 'ITALY': ['F TUS', 'A ROM'], 'RUSSIA': ['A GAL', 'A BUD', 'A RUM'], 'TURKEY': ['A BUL', 'F BLA']}, 'retreats': {'AUSTRIA': {}, 'ENGLAND': {}, 'FRANCE': {}, 'GERMANY': {}, 'ITALY': {}, 'RUSSIA': {}, 'TURKEY': {}}, 'centers': {'AUSTRIA': ['TRI', 'GRE', 'SER', 'VIE', 'BUL'], 'ENGLAND': ['EDI'], 'FRANCE': ['POR'], 'GERMANY': ['BER', 'KIE', 'MUN', 'BEL', 'DEN', 'HOL', 'PAR', 'SWE', 'BRE', 'NWY', 'LON', 'MAR', 'SPA', 'STP', 'WAR', 'LVP', 'MOS'], 'ITALY': ['NAP', 'ROM', 'VEN'], 'RUSSIA': ['SEV', 'RUM', 'BUD'], 'TURKEY': ['ANK', 'CON', 'SMY']}, 'homes': {'AUSTRIA': ['BUD', 'TRI', 'VIE'], 'ENGLAND': ['EDI', 'LON', 'LVP'], 'FRANCE': ['BRE', 'MAR', 'PAR'], 'GERMANY': ['BER', 'KIE', 'MUN'], 'ITALY': ['NAP', 'ROM', 'VEN'], 'RUSSIA': ['MOS', 'SEV', 'STP', 'WAR'], 'TURKEY': ['ANK', 'CON', 'SMY']}, 'influence': {'AUSTRIA': ['SER', 'ALB', 'VIE', 'TRI', 'GRE', 'AEG'], 'ENGLAND': [], 'FRANCE': [], 'GERMANY': ['BER', 'MUN', 'KIE', 'SKA', 'BEL', 'PIC', 'DEN', 'BAL', 'SWE', 'BRE', 'HOL', 'NWY', 'YOR', 'FIN', 'PRU', 'NTH', 'PAR', 'SPA', 'LON', 'STP', 'NWG', 'LVN', 'GAS', 'WAL', 'TYR', 'LVP', 'MAO', 'BUR', 'WAR', 'PIE', 'BOT', 'MOS', 'ENG', 'SEV', 'EDI', 'POR', 'MAR', 'UKR', 'RUH', 'BOH', 'SIL'], 'ITALY': ['TYS', 'VEN', 'NAP', 'LYO', 'APU', 'TUS', 'ROM'], 'RUSSIA': ['GAL', 'BUD', 'RUM', 'ARM'], 'TURKEY': ['SMY', 'CON', 'ANK', 'BUL', 'BLA']}, 'civil_disorder': {'AUSTRIA': 0, 'ENGLAND': 0, 'FRANCE': 0, 'GERMANY': 0, 'ITALY': 0, 'RUSSIA': 0, 'TURKEY': 0}, 'builds': {'AUSTRIA': {'count': 0, 'homes': []}, 'ENGLAND': {'count': 0, 'homes': []}, 'FRANCE': {'count': 0, 'homes': []}, 'GERMANY': {'count': 0, 'homes': []}, 'ITALY': {'count': 0, 'homes': []}, 'RUSSIA': {'count': 0, 'homes': []}, 'TURKEY': {'count': 0, 'homes': []}}, 'game_id': 'ljofZXL_ZI9sN-4Z', 'map': 'standard', 'rules': ['POWER_CHOICE']}","{'AUSTRIA': ['A VIE S A TRI - BUD', 'A TRI - BUD', 'F AEG - SMY', 'A SER S A TRI - BUD'], 'ENGLAND': [], 'FRANCE': [], 'GERMANY': ['A EDI - CLY VIA', 'F NWG - EDI', 'F ENG - MAO', 'A RUH - BUR', 'A GAS - PAR', 'F POR H', 'A SPA - MAR', 'A MAR - PIE', 'F BOT - BAL', 'A MOS - SEV', 'A PIE S A TYR - VEN', 'A BOH - VIE', 'A SIL - WAR', 'A TYR - VEN', 'A SEV - ARM', 'A UKR S A MOS - SEV'], 'ITALY': ['A ROM S A PIE - TUS', 'F TUS - ROM'], 'RUSSIA': ['A GAL - VIE', 'A RUM - SER', 'A BUD S A RUM - SER'], 'TURKEY': ['F BLA S A BUL', 'A BUL - GRE']}","{'A SER': ['cut'], 'A VIE': ['cut'], 'A TRI': ['bounce'], 'F AEG': [], 'A SPA': ['bounce'], 'F NWG': [], 'A GAS': [], 'A TYR': [], 'A PIE': [], 'F BOT': [], 'A MOS': [], 'F ENG': [], 'A SEV': [], 'A EDI': [], 'F POR': [], 'A MAR': ['bounce'], 'A UKR': [], 'A RUH': [], 'A BOH': ['bounce'], 'A SIL': [], 'F TUS': ['bounce'], 'A ROM': ['void'], 'A GAL': ['bounce'], 'A BUD': ['cut'], 'A RUM': ['bounce'], 'A BUL': [], 'F BLA': ['void']}","[{'sender': 'AUSTRIA', 'recipient': 'GERMANY', 'time_sent': 1655257043416125, 'phase': 'F1906M', 'message': 'ORR (XDO (A EDI - CLY VIA)) (XDO (F ENG - MAO))'}, {'sender': 'AUSTRIA', 'recipient': 'RUSSIA', 'time_sent': 1655257043962646, 'phase': 'F1906M', 'message': 'ORR (XDO (A GAL - VIE)) (XDO (A RUM - SER)) (XDO (A BUD S A RUM - SER))'}]"
COMPLETED,"{'timestamp': 1655257045322706, 'zobrist_hash': '5672431909519775259', 'note': 'Victory by: GER', 'name': 'COMPLETED', 'units': {'AUSTRIA': ['A SER', 'A VIE', 'A TRI', 'F SMY'], 'ENGLAND': [], 'FRANCE': [], 'GERMANY': ['A SPA', 'A PIE', 'F POR', 'A MAR', 'A UKR', 'A BOH', 'F EDI', 'A PAR', 'A VEN', 'F BAL', 'A SEV', 'F MAO', 'A ARM', 'A CLY', 'A BUR', 'A WAR'], 'ITALY': ['F TUS', 'A ROM'], 'RUSSIA': ['A GAL', 'A BUD', 'A RUM'], 'TURKEY': ['F BLA', 'A GRE']}, 'retreats': {'AUSTRIA': {}, 'ENGLAND': {}, 'FRANCE': {}, 'GERMANY': {}, 'ITALY': {}, 'RUSSIA': {}, 'TURKEY': {}}, 'centers': {'AUSTRIA': ['TRI', 'SER', 'VIE', 'BUL', 'SMY'], 'ENGLAND': [], 'FRANCE': [], 'GERMANY': ['BER', 'KIE', 'MUN', 'BEL', 'DEN', 'HOL', 'PAR', 'SWE', 'BRE', 'NWY', 'LON', 'MAR', 'SPA', 'STP', 'WAR', 'LVP', 'MOS', 'EDI', 'POR', 'VEN', 'SEV'], 'ITALY': ['NAP', 'ROM'], 'RUSSIA': ['RUM', 'BUD'], 'TURKEY': ['ANK', 'CON', 'GRE']}, 'homes': {'AUSTRIA': ['BUD', 'TRI', 'VIE'], 'ENGLAND': ['EDI', 'LON', 'LVP'], 'FRANCE': ['BRE', 'MAR', 'PAR'], 'GERMANY': ['BER', 'KIE', 'MUN'], 'ITALY': ['NAP', 'ROM', 'VEN'], 'RUSSIA': ['MOS', 'SEV', 'STP', 'WAR'], 'TURKEY': ['ANK', 'CON', 'SMY']}, 'influence': {'AUSTRIA': ['SER', 'ALB', 'VIE', 'TRI', 'AEG', 'SMY'], 'ENGLAND': [], 'FRANCE': [], 'GERMANY': ['BER', 'MUN', 'KIE', 'SKA', 'BEL', 'PIC', 'DEN', 'SWE', 'BRE', 'HOL', 'NWY', 'YOR', 'FIN', 'PRU', 'NTH', 'SPA', 'LON', 'STP', 'NWG', 'LVN', 'GAS', 'WAL', 'TYR', 'LVP', 'PIE', 'BOT', 'MOS', 'ENG', 'POR', 'MAR', 'UKR', 'RUH', 'BOH', 'SIL', 'EDI', 'PAR', 'VEN', 'BAL', 'SEV', 'MAO', 'ARM', 'CLY', 'BUR', 'WAR'], 'ITALY': ['TYS', 'NAP', 'LYO', 'APU', 'TUS', 'ROM'], 'RUSSIA': ['GAL', 'BUD', 'RUM'], 'TURKEY': ['CON', 'ANK', 'BUL', 'BLA', 'GRE']}, 'civil_disorder': {'AUSTRIA': 0, 'ENGLAND': 0, 'FRANCE': 0, 'GERMANY': 0, 'ITALY': 0, 'RUSSIA': 0, 'TURKEY': 0}, 'builds': {'AUSTRIA': {'count': 0, 'homes': []}, 'ENGLAND': {'count': 0, 'homes': []}, 'FRANCE': {'count': 0, 'homes': []}, 'GERMANY': {'count': 3, 'homes': ['BER', 'KIE', 'MUN']}, 'ITALY': {'count': 0, 'homes': []}, 'RUSSIA': {'count': -1, 'homes': []}, 'TURKEY': {'count': 1, 'homes': ['ANK', 'CON']}}, 'game_id': 'ljofZXL_ZI9sN-4Z', 'map': 'standard', 'rules': ['POWER_CHOICE']}","{'AUSTRIA': None, 'ENGLAND': [], 'FRANCE': [], 'GERMANY': None, 'ITALY': None, 'RUSSIA': None, 'TURKEY': None}",{},[]
